iid,gender,condtn,age,field_cd,race,imprace,imprelig,income,date,go_out,career_c,sports,tvsports,exercise,dining,museums,art,hiking,gaming,clubbing,reading,tv,theater,movies,concerts,music,shopping,yoga,exphappy,match.prob
1,0,1,21,1,4,2,4,239,7,1,1,9,2,8,9,1,1,5,1,5,6,9,1,10,10,9,8,1,3,0.4
2,0,1,24,1,2,2,5,236,5,1,1,3,2,7,10,8,6,3,5,8,10,1,9,8,7,8,3,1,4,0.2
3,0,1,25,2,2,8,4,1,3,1,7,3,8,7,8,5,5,8,4,5,7,8,7,7,7,5,8,7,4,0
4,0,1,23,1,2,1,1,103,5,1,1,1,1,6,7,6,7,7,5,7,7,7,9,7,8,7,1,8,1,0.222222222
5,0,1,21,1,2,8,1,257,4,1,1,7,4,7,7,6,8,6,6,8,6,8,6,6,3,7,8,3,7,0.2
6,0,1,23,1,4,1,1,221,3,1,1,10,8,9,7,8,7,9,2,6,9,2,5,6,6,4,1,1,4,0.2
7,0,1,22,1,4,2,4,203,5,1,1,5,3,4,10,10,10,2,3,8,8,8,10,10,10,10,10,10,7,0.2
8,0,1,25,13,2,1,1,1,5,1,6,2,2,1,10,9,9,3,2,10,8,10,9,9,6,6,8,6,6,0.8
9,0,1,26,13,6,1,1,1,4,1,9,4,3,1,8,6,7,2,2,10,8,8,10,10,9,9,8,3,6,0.7
10,0,1,26,13,2,4,4,169,6,1,9,9,9,9,7,6,6,7,1,7,8,5,6,7,7,8,7,7,7,0.2
11,1,1,27,8,2,7,3,1,5,4,2,8,7,2,6,7,5,5,5,4,9,2,4,8,7,8,5,1,7,0
12,1,1,22,1,2,1,1,51,1,1,1,9,7,9,8,7,6,3,3,5,6,6,4,7,7,9,5,5,7,0.2
13,1,1,22,1,4,3,5,1,7,1,1,7,8,2,9,5,6,4,7,7,6,8,10,8,9,9,8,1,3,0.4
14,1,1,23,1,2,1,1,213,4,1,1,10,6,8,8,3,3,10,8,8,6,7,3,10,6,8,6,1,8,0.8
15,1,1,24,1,3,3,1,98,4,1,1,9,7,9,7,4,3,6,7,9,8,6,9,9,6,7,2,1,5,0.3
16,1,1,25,8,2,9,2,1,5,1,7,7,2,6,7,7,7,5,5,5,8,3,7,8,7,8,6,1,7,0.2
17,1,1,30,13,2,1,1,108,3,2,2,8,2,9,7,7,5,4,2,6,4,2,7,9,7,7,2,2,4,0.1
18,1,1,27,8,2,8,8,186,6,1,7,5,5,5,9,4,3,4,4,2,6,9,3,9,3,6,2,1,5,0.125
19,1,1,28,8,2,1,1,1,1,1,7,10,10,10,10,5,5,6,7,9,8,1,1,7,7,7,7,10,10,0.888888889
20,1,1,24,8,2,1,1,1,1,1,7,10,10,10,10,9,9,4,10,10,8,3,8,8,6,6,5,10,6,0.1
21,0,2,21,5,4,8,10,1,7,4,10,10,8,10,5,5,5,2,1,3,7,10,4,7,4,8,5,2,5,0
22,0,2,27,9,1,1,2,45,6,2,5,1,2,2,8,8,8,1,2,6,8,8,8,9,7,7,8,8,4,0.125
23,0,2,21,3,4,9,6,1,1,1,3,2,2,3,9,7,6,6,7,7,10,9,10,10,10,10,10,3,5,0.1875
24,0,2,27,11,2,2,3,138,6,4,9,10,1,10,9,6,6,10,6,3,6,1,6,9,8,8,6,7,5,0
25,0,2,25,11,2,10,2,23,5,2,9,7,4,7,7,6,3,5,6,8,9,9,7,10,6,8,8,4,5,0
26,0,2,23,11,2,2,4,141,5,2,9,9,4,9,7,7,4,6,5,7,5,3,9,9,6,4,5,1,7,0
27,0,2,22,3,3,1,5,168,6,2,9,7,6,8,8,7,6,8,7,8,8,5,5,5,5,7,7,8,5,0.142857143
29,0,2,22,11,2,4,5,224,6,1,9,8,9,7,7,7,6,2,2,7,7,7,5,7,6,8,9,5,7,0.142857143
30,0,2,23,1,2,2,4,1,7,2,1,5,6,8,7,4,4,2,1,7,8,5,7,7,7,9,6,4,3,0.142857143
31,0,2,24,1,2,4,8,94,4,3,1,3,3,7,10,7,7,7,2,6,6,8,8,8,6,7,10,6,5,0.25
32,0,2,27,3,4,1,1,1,4,2,2,4,1,5,9,5,5,1,2,4,9,6,6,7,5,8,10,9,3,0
33,0,2,30,3,2,4,8,125,6,1,6,4,6,10,7,8,6,6,8,6,10,10,8,8,6,6,7,9,4,0
34,0,2,21,8,4,2,2,1,6,2,7,7,6,6,7,4,4,5,4,7,7,6,9,10,7,7,7,7,6,0.133333333
35,0,2,25,2,2,9,7,9,6,3,7,9,7,9,8,8,8,5,6,9,7,9,8,8,7,7,8,3,7,0.3125
36,0,2,26,2,2,7,8,1,5,2,4,6,1,4,6,7,7,7,1,3,9,1,9,6,6,7,5,1,6,0.133333333
37,0,2,27,3,2,5,8,56,6,2,7,6,4,6,10,9,8,7,6,7,5,6,10,7,8,7,4,9,7,0.133333333
38,0,2,23,1,1,8,1,79,4,3,1,7,2,7,10,2,2,7,4,7,2,8,8,10,10,10,10,2,2,0.2
39,0,2,24,1,3,6,4,28,6,4,1,3,2,4,10,10,8,7,1,5,10,9,9,10,9,9,10,1,2,0.066666667
40,1,2,25,5,4,9,6,130,7,7,10,4,9,3,7,7,8,5,7,9,7,5,5,8,8,10,4,2,3,0
41,1,2,30,1,4,1,1,1,6,5,1,5,5,6,5,5,5,5,10,5,6,6,6,6,5,5,5,1,7,0
42,1,2,23,5,4,1,6,48,7,4,5,1,1,7,5,3,3,3,1,1,9,8,5,7,2,5,2,1,6,0
43,1,2,24,8,2,1,1,1,6,3,2,8,9,6,5,7,7,2,5,5,9,6,7,4,6,5,2,1,3,0.055555556
44,1,2,24,3,2,3,3,1,3,1,2,9,1,8,7,8,8,10,6,7,8,1,7,3,8,1,6,8,7,0.210526316
45,1,2,28,8,2,6,6,1,6,3,7,9,7,3,6,8,6,6,7,6,6,7,6,7,6,6,6,3,7,0.285714286
46,1,2,26,8,2,2,3,1,6,2,7,10,7,5,6,7,7,8,3,7,7,4,4,6,5,6,2,7,7,0.235294118
47,1,2,30,8,2,2,2,1,6,1,2,6,7,2,8,7,6,3,7,4,7,4,5,8,8,7,2,1,8,0.058823529
48,1,2,22,12,2,9,2,1,5,2,6,3,1,6,7,7,8,1,5,8,4,6,10,10,6,8,6,2,6,0.052631579
49,1,2,25,8,4,1,3,226,3,2,7,10,7,5,7,6,7,2,8,7,9,5,5,6,5,8,2,7,6,0.315789474
50,1,2,27,1,1,4,4,4,6,2,1,10,10,3,8,5,3,4,3,10,5,6,8,10,7,10,6,2,5,0.235294118
51,1,2,23,1,2,5,10,55,5,3,1,6,6,7,3,4,3,6,5,4,5,7,1,6,1,2,2,1,3,0.052631579
52,1,2,21,1,2,10,9,35,4,1,1,8,5,3,6,3,4,3,3,3,3,7,4,6,3,5,4,2,5,0.055555556
53,1,2,28,4,2,2,2,1,6,2,4,8,4,3,10,9,8,8,4,4,9,5,7,9,9,9,7,3,6,0.055555556
54,1,2,28,8,2,1,1,58,5,1,7,5,2,2,8,7,8,8,1,3,7,1,8,6,9,9,1,3,7,0
55,1,2,23,1,1,1,1,114,4,2,1,10,8,4,5,5,4,1,6,10,9,7,5,10,7,10,5,1,7,0.157894737
56,0,1,23,11,2,10,9,123,3,1,9,2,1,10,10,5,5,2,1,7,6,8,8,7,6,9,10,4,3,0.2
57,0,1,22,11,2,10,10,1,5,2,9,4,4,5,9,9,9,9,1,5,9,9,9,9,9,9,9,9,9,0.111111111
60,0,1,29,3,6,3,10,1,6,2,6,3,1,9,9,5,5,3,1,5,5,2,10,7,6,9,5,5,4,0.1
61,0,1,28,7,2,1,5,27,5,2,2,1,1,5,10,10,10,5,1,5,10,6,10,10,8,10,8,7,5,0.2
62,0,1,26,1,3,1,1,49,7,2,1,8,5,7,8,6,6,7,7,7,7,3,2,9,7,9,9,2,5,0.333333333
63,0,1,24,1,4,1,3,183,6,1,10,5,3,8,6,9,8,5,1,2,10,1,8,9,4,5,6,2,6,0.1
64,0,1,27,11,4,6,3,106,6,5,9,8,8,8,8,8,8,9,5,3,8,7,8,8,9,9,8,5,3,0.1
65,0,1,23,11,6,6,3,1,5,3,3,7,5,7,8,8,8,8,8,9,8,8,8,9,8,8,9,6,7,0
66,1,1,29,8,3,1,1,1,6,4,7,4,2,3,6,4,3,3,6,4,8,6,4,8,4,6,4,2,5,0.111111111
67,1,1,22,1,6,1,1,163,5,2,1,9,9,6,7,6,6,4,4,4,6,6,3,9,9,9,2,1,5,0.222222222
68,1,1,27,6,1,1,1,198,4,3,6,3,2,2,7,8,8,3,3,7,10,7,5,9,7,7,7,1,5,0
69,1,1,28,8,2,2,2,1,6,1,7,10,7,5,5,3,2,1,3,9,8,2,4,7,6,7,2,1,3,0.25
70,1,1,26,8,2,5,1,74,2,1,7,9,4,9,5,7,5,7,5,5,8,3,7,8,5,8,5,6,3,0.125
71,1,1,21,1,2,6,7,201,6,2,14,9,10,6,4,3,3,7,6,7,7,8,3,10,6,8,2,1,9,0.333333333
72,1,1,22,5,2,8,1,1,6,1,7,8,3,7,10,6,6,7,2,9,5,6,7,7,6,8,8,4,7,0
73,1,1,22,8,2,7,3,1,4,2,7,9,9,7,6,5,4,4,6,6,5,5,5,7,7,6,4,1,2,0
74,1,1,25,5,2,3,1,1,7,2,5,8,3,5,9,10,10,9,6,8,10,2,9,10,8,8,3,5,9,0.2
75,1,1,24,1,6,3,3,121,5,3,1,8,2,8,7,7,7,7,5,9,8,8,5,7,6,8,5,5,5,0.222222222
76,0,2,34,6,2,5,7,107,7,2,2,1,7,6,8,8,8,5,1,7,7,4,8,8,8,7,7,7,6,0.277777778
77,0,2,22,11,2,2,2,153,4,2,11,7,1,10,9,9,9,8,3,6,6,6,8,8,10,10,7,9,6,0.333333333
78,0,2,23,11,3,1,4,62,7,3,11,5,1,7,7,9,5,9,1,3,9,3,9,9,9,7,5,10,7,0.166666667
79,0,2,26,5,4,8,8,1,7,1,5,2,3,2,10,10,10,2,1,7,4,4,9,9,8,8,3,3,5,0.166666667
80,0,2,27,10,4,3,1,1,5,4,2,8,3,7,5,5,4,3,1,5,10,9,7,7,7,7,9,2,7,0.1875
81,0,2,28,6,2,6,9,44,5,2,6,6,2,7,9,9,7,7,1,7,7,7,9,9,7,7,7,4,5,0.176470588
82,0,2,25,9,6,2,7,36,3,2,2,5,5,5,8,9,10,9,1,7,8,6,8,8,8,9,6,7,7,0.25
83,0,2,35,8,3,1,5,1,6,1,7,5,1,3,5,7,8,3,1,6,8,3,7,8,7,8,4,7,6,0.117647059
84,0,2,32,10,3,1,1,1,4,1,4,7,1,9,9,9,9,3,1,9,9,1,9,10,9,9,5,5,7,0.125
85,0,2,30,11,2,3,5,31,6,4,9,2,3,4,9,8,6,8,4,7,8,4,6,7,5,8,5,3,4,0.055555556
86,0,2,22,3,2,1,1,206,7,1,2,2,2,1,4,7,7,2,1,6,4,7,5,10,10,10,2,2,6,0.470588235
87,0,2,23,11,2,8,10,1,3,2,9,10,5,10,8,7,7,8,4,9,9,6,7,10,9,10,7,9,4,0.125
88,0,2,23,11,2,8,7,3,4,4,9,8,7,10,7,7,7,8,6,6,10,8,9,10,8,10,9,3,5,0
89,0,2,27,8,2,3,2,1,7,3,2,2,2,2,10,8,8,7,8,9,8,1,9,8,8,9,4,2,5,0.117647059
90,0,2,23,10,4,4,1,1,7,7,10,8,9,6,5,8,9,6,3,1,10,6,7,8,7,6,4,1,5,0.055555556
91,0,2,25,1,6,6,8,118,3,2,1,4,2,5,7,7,5,7,3,5,7,7,10,8,8,7,6,2,5,0.444444444
92,0,2,29,9,2,1,2,17,6,1,7,7,2,8,10,9,9,9,2,9,10,4,10,10,8,10,6,9,5,0.388888889
93,0,2,29,5,2,2,2,1,5,1,2,3,2,6,10,7,6,8,7,8,7,5,8,8,6,5,7,6,6,0.235294118
94,1,2,28,8,4,6,8,1,6,3,7,7,2,8,8,5,4,4,3,3,9,5,7,9,6,7,4,5,5,0.2
95,1,2,26,8,2,7,5,246,5,2,7,10,10,6,6,4,3,1,6,4,7,9,5,10,8,10,3,3,6,0.058823529
96,1,2,26,5,3,3,6,1,7,1,2,5,8,7,10,10,8,10,6,8,8,3,8,9,8,7,7,3,7,0
97,1,2,29,10,2,4,1,91,5,2,2,6,8,8,3,3,3,6,1,5,8,3,2,7,3,7,3,5,5,0.294117647
98,1,2,39,11,2,1,1,185,4,2,2,8,8,8,7,3,3,5,1,7,7,3,7,8,6,8,2,7,5,0.125
99,1,2,28,1,2,1,1,207,3,2,1,5,5,5,8,10,10,5,5,9,6,6,10,10,10,10,8,5,8,0.444444444
100,1,2,30,8,6,8,9,1,3,2,2,5,4,6,7,6,6,2,2,4,6,5,7,7,3,7,6,2,5,0.142857143
101,1,2,22,8,4,3,2,1,4,3,7,9,9,7,9,9,9,8,8,9,8,7,9,8,7,8,8,4,7,0
102,1,2,32,10,2,2,6,1,4,4,2,9,9,9,9,4,4,7,2,5,5,4,4,9,3,5,5,2,6,0.058823529
103,1,2,26,8,2,8,9,208,4,1,7,8,7,8,8,6,4,8,5,8,8,8,5,8,8,8,6,3,6,0.0625
104,1,2,27,10,2,6,8,37,5,3,2,8,3,8,9,8,8,9,5,8,7,3,8,7,6,8,3,7,8,0.294117647
105,1,2,25,1,1,1,1,126,7,1,1,9,9,6,8,5,5,3,4,7,8,6,6,7,4,7,5,5,5,0.444444444
106,1,2,22,1,3,1,3,25,7,3,1,2,4,2,9,6,5,4,9,2,9,8,7,9,2,8,5,3,5,0.117647059
107,1,2,21,7,2,1,1,244,4,1,2,7,2,4,7,6,7,8,1,7,7,1,5,7,9,9,1,10,6,0.6
108,1,2,24,5,2,1,1,1,6,3,5,7,3,4,5,6,7,3,2,5,7,3,7,7,4,6,2,2,5,0.25
109,1,2,25,14,4,1,1,1,4,1,6,2,1,2,10,10,10,1,2,2,10,5,7,10,10,10,5,3,5,0.444444444
110,1,2,28,14,2,4,6,193,6,1,6,4,3,8,7,7,9,8,2,3,7,5,7,9,7,8,3,6,6,0.266666667
111,1,2,27,8,4,7,1,1,5,1,7,9,9,7,9,10,9,9,1,5,9,5,8,9,8,5,3,5,9,0
112,0,1,20,3,6,1,1,1,3,1,11,8,3,8,5,7,8,8,8,9,9,3,8,8,9,10,4,6,4,0.6
113,0,1,21,8,2,3,8,200,4,1,10,5,3,7,10,9,8,7,2,6,8,7,10,10,9,10,10,7,7,0.3
114,0,1,20,8,1,2,4,1,7,4,10,6,8,3,4,4,3,5,2,6,8,7,6,7,6,9,2,2,6,0.111111111
115,0,1,21,3,2,10,7,39,5,1,3,2,2,8,7,3,3,1,1,8,10,2,2,6,4,7,8,1,3,0.3
116,0,1,21,13,2,4,1,1,1,1,10,5,4,3,10,10,10,6,4,8,10,10,10,10,10,10,10,8,7,0.4
117,0,1,21,8,2,8,10,214,3,1,7,6,8,6,9,8,6,3,5,8,8,5,6,5,6,5,9,3,6,0.1
119,0,1,19,16,3,5,2,1,3,1,1,8,5,8,9,9,9,5,8,10,9,5,10,9,10,10,7,8,4,0.444444444
120,0,1,20,6,3,1,4,132,4,3,6,5,4,4,8,7,5,3,1,5,10,6,10,9,6,8,3,5,3,0.4
121,0,1,21,3,2,8,1,140,7,1,2,2,2,6,10,6,10,6,4,7,7,8,10,10,10,10,10,4,2,0
122,1,1,22,1,6,1,1,218,3,1,1,7,9,7,9,7,6,5,6,6,6,8,7,8,8,8,5,4,6,0.3
123,1,1,18,5,4,3,5,60,5,1,4,9,9,8,8,3,2,5,5,6,2,7,2,7,7,7,7,5,5,0
124,1,1,22,8,4,1,1,237,4,1,1,5,5,8,10,8,8,6,5,8,8,6,9,9,9,8,8,7,6,0
125,1,1,21,4,2,3,1,147,3,1,4,3,1,9,10,9,10,1,1,10,9,2,9,9,9,9,10,7,6,0.7
126,1,1,22,7,2,7,5,204,6,3,4,10,8,7,8,8,7,5,2,7,10,5,8,8,9,10,6,7,6,0.2
127,1,1,22,5,2,1,1,1,5,1,6,10,8,8,8,5,3,5,5,6,1,7,1,5,8,7,5,10,1,0.375
128,1,1,21,5,2,3,1,1,3,2,5,8,7,7,6,4,4,8,7,3,5,3,4,8,10,10,2,2,5,0.6
129,1,1,26,8,2,1,1,1,3,3,7,7,4,7,9,4,5,9,2,6,9,4,4,7,6,6,4,6,10,0.3
130,1,1,20,5,4,4,1,1,6,2,10,7,4,9,8,3,2,7,5,7,6,2,1,2,2,9,6,2,6,0.222222222
131,1,1,19,5,4,4,1,10,7,3,10,5,1,5,5,5,5,3,6,4,8,7,6,8,7,6,5,3,5,0
132,0,1,27,8,2,10,1,117,7,2,7,7,2,10,5,7,7,9,1,1,5,9,5,10,3,10,1,10,5,0.2
133,0,1,24,5,4,8,6,1,6,5,2,8,7,6,7,10,8,10,4,3,6,4,8,7,10,9,7,6,5,0
134,0,1,23,10,2,8,10,172,5,3,2,7,4,4,8,9,6,7,8,6,8,5,9,5,7,8,8,8,8,0.2
135,0,1,26,3,2,9,6,1,7,2,2,3,1,1,1,9,9,10,1,7,7,1,8,7,10,10,2,9,6,0.4
137,1,1,26,8,4,1,1,248,4,1,8,6,1,8,8,4,4,1,5,7,4,7,1,9,9,10,8,3,7,0.2
138,1,1,32,8,2,9,6,231,3,2,7,7,2,9,8,6,6,1,7,7,9,9,4,9,2,9,6,2,6,0.2
139,1,1,37,5,4,6,1,1,6,3,2,7,5,8,10,9,9,6,5,6,10,8,7,10,8,9,7,8,8,0
140,1,1,29,8,2,5,5,1,5,2,7,8,6,8,9,5,5,5,5,7,9,6,7,6,4,5,4,3,6,0.4
141,1,1,28,8,3,4,4,1,6,2,7,10,10,3,9,5,5,7,5,7,3,8,9,10,8,9,6,6,4,0.2
142,0,2,24,13,2,1,4,182,5,2,2,5,6,6,6,5,5,6,14,7,6,6,6,6,6,8,6,6,7,0.4375
143,0,2,33,1,2,6,2,1,7,4,1,4,5,6,8,9,9,6,4,8,9,5,7,7,7,7,6,4,6,0
144,0,2,23,10,2,5,2,52,5,2,2,10,7,9,6,6,6,4,3,7,7,5,4,7,9,8,7,4,5,0.0625
145,0,2,24,10,2,9,7,109,7,1,2,2,1,2,9,9,5,2,2,1,8,10,10,10,5,8,9,2,5,0
146,0,2,36,6,2,1,7,219,7,1,2,5,2,5,5,8,8,3,1,3,10,8,8,8,5,8,8,3,5,0.0625
147,0,2,26,8,4,3,3,129,5,1,7,8,7,8,9,9,9,5,2,8,10,8,9,8,6,6,7,10,5,0.3125
148,0,2,27,8,4,7,4,1,4,1,7,7,4,6,9,9,9,5,2,1,10,10,9,9,5,7,9,7,5,0.066666667
149,0,2,28,13,2,3,3,187,5,2,2,8,4,5,8,8,8,8,3,6,6,6,5,8,7,10,9,8,4,0.333333333
150,0,2,31,7,2,3,3,204,5,2,2,5,1,3,5,3,3,9,1,5,7,1,1,7,5,4,2,10,5,0.133333333
151,0,2,28,13,2,1,2,1,3,1,9,5,1,8,10,9,8,8,4,1,8,1,9,8,9,10,7,7,3,0.133333333
152,0,2,27,13,4,2,3,1,4,3,2,4,1,4,8,9,8,5,5,7,10,5,9,10,9,9,7,1,5,0.1875
153,0,2,28,7,4,1,1,1,6,3,2,8,5,7,7,7,6,6,5,7,10,6,7,9,7,7,8,5,6,0.230769231
154,0,2,27,8,2,8,3,261,4,1,7,10,7,8,8,6,6,6,1,6,8,7,7,8,6,6,3,2,7,0.466666667
155,0,2,27,8,2,5,1,243,5,1,9,2,1,10,10,7,8,5,1,1,10,4,10,9,5,7,7,4,3,0.071428571
156,0,2,30,8,1,1,1,16,6,3,7,3,7,10,10,10,10,8,7,9,10,10,10,10,10,10,7,8,6,0.266666667
157,0,2,28,8,4,5,3,110,6,1,7,8,7,8,8,6,6,9,2,9,7,4,6,7,5,6,6,3,4,0.071428571
158,1,2,23,10,2,3,4,100,6,2,2,2,4,4,6,7,4,7,7,6,8,6,5,8,4,9,5,1,7,0
159,1,2,28,10,2,7,2,1,6,2,2,7,7,6,9,9,8,6,4,5,8,7,7,9,8,9,7,2,6,0.142857143
160,1,2,29,8,1,3,4,43,5,2,8,9,8,10,6,6,4,3,4,8,6,3,7,9,6,9,3,2,6,0.133333333
161,1,2,22,10,2,6,2,199,4,2,10,9,9,9,8,7,6,7,7,9,9,8,6,8,6,9,6,2,7,0.142857143
162,1,2,27,10,4,1,1,1,6,2,4,3,3,3,8,7,7,6,2,8,5,4,3,9,10,10,7,3,4,0.142857143
163,1,2,26,9,2,1,1,211,3,3,2,6,2,2,4,8,8,4,1,1,8,1,6,6,4,6,2,1,2,0.1875
164,1,2,27,7,2,1,1,69,6,2,2,7,5,5,6,7,7,7,1,3,7,2,5,6,4,6,2,2,5,0.125
165,1,2,30,13,2,4,7,191,6,3,6,3,1,6,6,7,7,2,1,1,10,8,8,8,5,5,2,2,6,0.1875
166,1,2,26,8,6,1,9,252,5,2,7,5,5,9,4,4,2,5,1,3,9,1,5,8,7,10,1,7,6,0.214285714
167,1,2,23,10,2,1,1,164,6,2,2,9,9,8,6,8,8,9,2,5,6,5,6,8,6,7,3,2,3,0.2
168,1,2,23,10,4,1,1,20,4,2,10,5,5,3,5,5,5,5,3,3,5,3,5,5,5,3,3,3,5,0.066666667
169,1,2,28,10,2,2,3,65,6,2,2,10,7,8,9,9,7,7,1,6,4,2,7,6,8,8,4,4,6,0.3125
170,1,2,28,10,4,2,1,1,5,3,4,2,1,8,8,8,8,5,3,1,9,8,7,8,6,8,4,5,6,0
171,1,2,29,8,2,1,1,1,4,2,7,8,2,8,8,5,5,5,2,8,9,6,6,9,4,9,7,1,8,0.266666667
172,1,2,27,8,2,5,7,1,3,1,7,7,8,7,8,4,5,5,6,8,7,4,6,8,8,7,6,3,5,0.3125
173,1,2,22,2,2,5,7,1,4,1,2,10,8,9,6,5,6,7,4,8,7,4,5,6,9,10,3,6,3,0.3125
174,0,1,29,8,4,1,1,219,5,3,7,5,4,6,6,8,8,4,4,6,8,4,6,5,9,9,6,5,5,0.2
175,0,1,23,13,6,5,8,120,3,1,7,8,2,6,8,7,7,3,3,6,6,5,6,5,6,9,5,3,7,0.3
176,0,1,28,8,4,10,1,1,6,3,7,7,6,5,10,10,9,7,4,4,5,5,8,8,8,8,6,3,7,0.3
177,0,1,22,13,2,8,3,166,5,2,7,5,9,6,8,6,4,2,3,7,9,7,6,7,3,4,5,1,6,0
178,0,1,35,3,4,5,5,1,4,2,4,3,4,7,9,8,8,8,2,9,8,8,8,8,8,9,6,8,5,0.111111111
179,0,1,30,6,3,5,1,249,6,3,2,5,5,10,10,7,7,5,1,7,10,1,8,8,7,9,10,9,2,0.125
180,0,1,24,8,4,2,2,1,4,2,7,7,7,5,9,5,5,8,5,9,6,7,9,9,7,8,9,7,6,0.222222222
181,0,1,22,4,1,7,8,63,5,5,2,3,6,5,9,9,9,6,3,9,9,9,9,9,9,9,9,6,4,0.5
182,0,1,22,4,1,7,5,1,4,3,4,5,6,2,8,3,2,1,4,1,7,8,2,6,4,10,8,1,6,0
183,0,1,24,11,2,1,1,1,7,3,6,9,6,8,9,8,8,9,9,9,7,8,8,9,9,10,8,1,5,0.1
184,1,1,34,8,2,1,1,73,4,2,7,5,2,4,8,8,7,8,3,8,8,3,9,8,5,6,2,8,9,0.4
185,1,1,25,2,4,3,4,1,7,4,6,8,7,8,8,8,9,6,7,8,9,9,9,9,8,9,9,9,6,0.111111111
186,1,1,24,5,4,4,3,143,7,3,2,5,1,4,9,5,3,6,1,1,6,7,4,7,8,8,6,3,7,0.3
187,1,1,26,8,2,10,5,1,4,1,7,3,5,10,5,10,10,1,2,1,10,5,8,8,10,10,1,1,6,0.111111111
188,1,1,21,5,2,1,1,160,3,1,2,2,1,5,10,8,8,5,7,5,7,3,5,5,5,7,7,3,6,0.1
189,1,1,27,1,6,6,1,1,6,2,9,8,7,8,5,7,7,7,7,7,9,5,7,9,7,8,4,7,5,0
190,1,1,25,13,2,1,1,1,7,3,9,7,7,8,3,2,2,6,5,9,8,2,4,7,9,10,3,1,8,0.333333333
191,1,1,28,8,2,6,1,1,4,2,7,8,1,7,8,6,6,6,1,8,7,3,4,8,4,7,1,7,4,0.2
192,1,1,24,8,2,2,7,262,6,2,7,7,5,7,7,3,2,6,8,7,9,6,3,6,7,8,4,5,4,0.1
193,1,1,25,1,4,2,2,89,6,2,1,8,10,7,9,9,8,1,1,4,10,10,10,10,9,9,9,5,4,0.2
194,0,2,24,3,2,9,9,235,3,2,3,8,6,6,9,6,6,4,8,7,9,9,6,9,5,7,9,4,7,0.052631579
195,0,2,27,10,2,3,9,175,2,1,2,7,6,9,8,5,5,9,9,8,10,1,3,4,3,6,5,1,8,0.25
196,0,2,25,7,4,1,6,1,1,1,2,3,3,6,7,7,7,8,6,8,6,8,9,9,9,9,7,9,6,0.105263158
197,0,2,24,13,6,2,1,196,4,3,7,6,1,4,10,8,8,4,7,5,9,6,5,10,8,10,7,3,3,0.15
198,0,2,23,13,4,8,5,1,2,3,7,6,8,6,9,8,8,9,5,7,4,9,9,9,9,9,10,4,6,0
199,0,2,30,7,2,2,1,78,5,3,2,8,3,10,10,10,10,1,1,7,10,4,7,8,3,5,7,1,4,0.25
200,0,2,25,8,2,1,1,88,7,2,9,10,3,9,8,7,7,10,3,6,8,1,8,8,9,10,3,4,5,0.157894737
201,0,2,25,8,2,8,8,1,4,2,7,8,8,8,8,7,7,7,8,7,7,7,7,7,7,7,7,6,2,0.052631579
202,0,2,22,2,2,8,5,116,6,2,2,8,8,9,7,6,4,4,1,6,8,7,7,9,6,7,7,1,3,0.117647059
203,0,2,22,2,2,4,10,134,6,2,2,3,1,8,6,4,2,2,1,6,7,10,6,8,3,7,9,2,3,0
204,0,2,26,8,2,8,6,190,5,1,7,10,5,9,9,10,10,3,1,9,8,4,5,5,3,8,10,7,4,0
205,0,2,23,10,2,5,5,1,7,1,2,8,2,6,8,6,6,7,2,6,9,3,3,8,5,6,3,5,5,0.111111111
206,0,2,31,8,1,2,2,1,5,1,9,5,5,5,9,7,7,7,7,9,9,5,7,7,7,9,5,7,6,0.421052632
207,0,2,23,10,2,9,5,1,3,1,1,10,8,8,7,5,5,2,3,4,3,7,7,6,5,7,9,6,6,0.166666667
208,0,2,25,10,1,2,1,229,4,3,7,9,7,7,9,10,10,10,5,8,8,5,7,9,10,10,9,8,5,0.555555556
209,0,2,28,13,1,7,3,61,6,2,7,3,2,6,8,5,5,6,8,8,3,6,7,8,7,10,3,3,7,0
210,0,2,29,10,2,10,4,159,6,3,2,9,3,9,8,9,9,9,1,2,9,5,7,7,7,7,5,1,5,0.166666667
211,0,2,28,13,2,9,1,1,4,1,9,9,8,9,10,9,9,5,8,1,9,9,10,10,9,7,10,7,5,0.105263158
212,0,2,27,8,3,3,6,148,5,2,7,8,5,8,8,8,8,8,6,9,8,8,8,8,6,7,8,3,5,0.5
213,0,2,25,13,3,9,10,1,4,2,7,8,7,9,8,8,7,6,7,7,8,7,10,10,8,9,8,5,7,0.105263158
214,1,2,23,10,2,6,8,158,6,2,2,9,3,10,8,6,7,7,4,7,3,1,9,6,4,6,7,1,6,0.111111111
215,1,2,26,8,4,3,1,197,4,1,7,8,6,9,9,6,4,2,7,6,9,5,2,9,2,7,9,2,7,0.277777778
216,1,2,27,8,2,7,1,204,5,3,7,2,1,2,7,7,5,3,5,1,13,6,6,7,6,5,2,1,6,0
217,1,2,26,10,2,8,1,232,4,2,2,1,2,8,7,8,8,10,1,2,10,4,8,6,10,10,1,7,3,0.421052632
218,1,2,24,10,2,9,5,1,4,2,2,9,3,5,7,9,10,7,3,7,5,1,5,7,8,8,6,1,3,0.05
219,1,2,26,8,2,1,1,1,3,2,7,8,2,7,7,7,8,3,3,6,7,2,6,7,7,10,3,10,7,0.352941176
220,1,2,25,13,6,1,1,1,5,2,6,9,9,5,10,9,10,10,6,8,10,2,5,5,5,9,5,5,10,0.15
221,1,2,27,8,4,6,1,1,6,3,7,5,6,3,7,6,3,4,3,7,8,7,8,8,4,4,4,1,6,0.222222222
222,1,2,27,2,2,8,3,1,6,3,2,5,1,6,8,10,9,6,4,7,9,1,9,9,10,8,3,1,3,0
223,1,2,28,7,2,6,6,40,4,2,2,8,7,6,6,8,7,6,7,8,9,6,5,10,6,7,5,2,7,0.05
224,1,2,32,3,2,1,3,1,7,4,15,6,4,4,7,5,5,5,6,8,10,1,8,9,2,4,1,8,5,0.2
225,1,2,28,8,3,4,9,1,7,2,7,10,8,3,8,8,8,7,3,9,8,8,9,7,9,9,2,6,4,0.125
226,1,2,23,8,2,1,3,22,3,1,6,10,7,8,6,7,7,3,2,8,4,5,6,7,4,9,2,4,3,0.210526316
227,1,2,26,8,2,7,7,212,6,3,7,7,7,7,10,9,7,2,6,5,10,8,8,9,5,7,5,1,5,0.157894737
228,1,2,24,10,4,1,4,1,7,3,2,3,1,2,8,4,5,8,4,6,9,2,4,7,8,9,2,8,7,0.052631579
229,1,2,28,10,2,7,1,57,6,3,7,8,5,7,7,1,1,5,3,3,8,5,1,5,2,6,1,1,3,0.210526316
230,1,2,42,13,2,5,1,111,7,3,7,1,1,2,1,10,10,10,1,1,10,10,10,10,5,10,10,6,5,0.210526316
231,1,2,30,13,3,1,1,152,6,3,9,5,2,7,9,9,6,8,1,9,9,1,8,9,9,10,1,7,5,0.166666667
232,1,2,31,13,2,4,7,146,5,4,9,5,5,9,8,7,8,9,3,8,7,4,6,8,7,7,3,5,4,0.052631579
233,1,2,29,13,4,1,1,133,3,2,7,10,9,8,10,8,8,7,9,8,5,10,8,10,10,10,8,6,7,0.263157895
234,0,1,22,3,6,1,5,144,7,3,2,5,3,10,10,9,5,2,1,4,9,5,6,5,5,9,7,4,5,0
235,0,1,23,9,2,3,1,1,4,3,2,1,3,3,10,9,10,2,1,7,7,1,9,9,6,10,10,7,5,0.222222222
236,0,1,24,10,4,3,3,131,7,1,2,9,6,3,7,9,9,7,1,8,7,5,4,7,4,10,4,2,7,0
237,0,1,34,7,2,10,1,102,7,4,6,1,1,10,7,8,9,9,1,1,10,6,8,6,2,9,2,10,4,0.111111111
238,0,1,27,15,2,3,5,46,2,1,6,8,5,8,8,10,10,8,2,8,7,5,9,9,10,10,7,6,5,0.222222222
239,0,1,34,10,2,6,6,1,6,3,7,3,3,5,8,8,7,8,1,6,9,6,8,8,6,7,1,8,7,0.111111111
240,0,1,26,8,4,1,1,223,6,3,6,10,10,9,10,10,8,9,14,9,10,10,10,10,10,10,10,3,2,0.125
241,0,1,29,8,4,1,1,251,4,2,7,8,1,5,7,7,7,4,1,3,4,1,3,4,6,7,6,3,2,0.333333333
242,0,1,26,3,3,3,3,1,7,3,2,6,5,5,8,10,10,9,4,9,10,1,9,10,10,10,1,8,6,0.555555556
243,1,1,27,16,2,2,3,1,6,2,2,7,2,7,9,5,8,5,7,3,9,5,5,9,8,8,6,2,6,0.375
244,1,1,28,8,2,8,9,1,5,3,7,5,2,10,8,6,4,9,1,3,13,9,8,9,3,4,3,1,5,0.111111111
245,1,1,32,7,2,1,6,1,5,2,1,3,1,2,6,7,8,4,8,6,9,2,7,8,6,6,1,6,2,0.111111111
246,1,1,25,10,2,7,1,124,7,6,2,6,5,5,7,5,5,3,2,6,8,8,9,9,8,9,5,2,3,0.125
247,1,1,25,10,4,1,1,1,6,4,2,5,4,7,1,3,2,9,4,2,5,3,3,3,3,3,2,6,6,0
248,1,1,27,8,6,1,1,177,4,1,7,7,1,8,7,5,1,8,6,8,6,3,7,7,4,7,6,1,6,0.375
249,1,1,33,8,6,2,7,1,3,1,7,7,9,1,10,8,6,1,1,6,10,7,3,8,8,5,4,1,5,0
250,1,1,25,6,6,1,1,1,2,1,2,7,2,8,10,10,10,6,1,2,10,1,9,9,10,10,6,5,7,0.555555556
251,1,1,33,7,6,2,2,1,4,1,10,7,6,1,6,8,8,5,8,4,9,7,6,9,6,8,2,3,5,0.111111111
252,0,2,28,13,3,1,1,1,6,2,2,4,3,3,8,7,6,7,4,9,9,2,9,9,9,9,9,2,10,0.111111111
253,0,2,33,3,4,1,1,1,6,6,2,5,3,5,8,10,10,6,1,6,10,7,7,10,7,7,7,3,7,0.111111111
254,0,2,22,7,2,8,3,99,6,2,2,8,2,6,10,9,9,8,1,7,9,8,9,9,7,7,7,8,6,0
255,0,2,26,10,4,3,1,96,7,3,4,6,8,9,6,6,6,4,2,5,6,4,7,7,8,8,9,1,6,0
256,0,2,24,4,4,6,5,230,6,4,4,5,3,6,7,6,5,6,5,5,5,8,6,8,8,8,9,3,6,0.15
257,0,2,24,9,2,5,6,157,5,1,2,7,1,6,9,10,10,10,3,4,10,2,5,10,10,10,4,10,3,0
258,0,2,25,9,6,1,10,104,6,1,2,9,6,7,7,8,3,10,4,1,10,3,8,5,2,6,6,2,6,0.277777778
259,0,2,25,10,2,2,2,173,7,1,2,8,3,7,8,7,7,4,2,7,8,6,7,7,5,7,5,6,5,0.052631579
260,0,2,27,10,4,4,4,1,7,3,2,9,6,7,9,5,5,6,2,3,9,6,7,7,9,9,5,3,6,0.333333333
261,0,2,26,10,4,1,4,247,7,2,2,6,4,3,9,9,8,3,5,8,9,2,9,9,9,9,4,6,3,0.25
262,0,2,29,3,2,1,10,1,6,3,10,9,9,8,7,7,3,7,1,3,10,4,1,7,5,8,1,1,1,0
263,0,2,26,3,1,9,10,11,6,2,10,1,1,1,5,7,7,7,1,3,9,4,7,7,7,8,9,6,1,0.263157895
264,0,2,26,6,2,1,3,66,6,2,2,7,1,7,5,7,8,6,1,5,9,7,4,8,2,6,2,1,3,0.235294118
265,0,2,32,1,2,3,3,242,5,2,2,2,9,8,8,7,8,2,1,2,10,6,7,10,8,9,2,1,3,0.0625
266,0,2,28,16,2,2,2,1,7,3,10,5,4,5,4,7,8,8,1,6,5,1,4,10,6,7,2,6,4,0.2
267,0,2,26,10,4,2,2,1,3,3,4,4,8,5,9,7,6,4,7,8,3,9,5,9,4,9,10,2,4,0
268,0,2,24,4,3,1,1,38,6,1,4,8,6,6,5,4,3,6,5,5,8,4,5,5,4,4,4,4,5,0.444444444
269,0,2,24,7,2,4,5,1,6,2,2,4,1,8,8,8,10,7,3,1,10,3,6,6,6,9,4,2,6,0.333333333
270,0,2,23,10,4,2,4,1,5,1,2,8,4,6,9,8,7,8,4,6,9,2,7,5,6,7,6,4,5,0.277777778
271,0,2,23,11,2,10,9,178,4,1,11,8,7,10,9,10,10,5,5,6,7,7,9,9,9,8,9,5,8,0.095238095
272,0,2,25,11,2,10,10,30,4,1,11,6,7,10,10,9,8,7,6,8,9,9,9,9,9,10,9,8,8,0
273,1,2,29,10,2,8,4,1,5,2,2,6,1,5,7,7,4,8,1,3,2,5,7,8,8,8,3,2,5,0.066666667
274,1,2,24,3,3,3,3,1,4,2,2,3,3,4,7,6,5,4,5,1,10,7,6,8,9,10,8,7,6,0.315789474
275,1,2,21,5,2,1,1,1,4,3,7,9,1,10,6,7,7,4,6,5,10,1,9,7,7,9,5,9,6,0.052631579
276,1,2,26,10,2,7,3,253,4,1,2,6,2,8,9,8,9,2,3,6,9,1,4,7,6,7,2,2,4,0.25
277,1,2,25,10,2,1,1,1,7,5,2,10,6,10,5,8,8,10,5,3,8,2,7,8,6,6,1,2,5,0.238095238
278,1,2,32,5,2,1,1,1,3,1,2,8,1,5,9,9,9,9,5,8,9,5,7,9,9,9,5,1,8,0
279,1,2,25,10,2,7,1,142,4,2,2,7,1,6,5,2,3,5,3,4,9,6,3,8,1,2,1,1,7,0.238095238
280,1,2,25,10,2,2,1,1,6,2,2,8,1,5,5,6,5,5,4,2,10,2,7,10,7,8,2,2,5,0.25
281,1,2,27,3,2,2,5,1,5,5,2,4,4,2,4,7,5,8,1,2,6,2,6,8,7,5,3,9,2,0.1
282,1,2,23,5,1,1,1,1,4,3,7,10,10,10,5,4,4,4,7,8,9,5,7,7,7,10,5,1,5,0.3
283,1,2,27,5,4,1,1,1,4,2,7,9,6,6,6,4,4,8,6,6,8,1,5,3,3,7,2,7,5,0.095238095
284,1,2,27,8,2,1,5,1,5,2,6,9,2,5,7,7,9,8,1,5,9,5,5,9,8,9,8,5,7,0.052631579
285,1,2,24,5,6,1,1,1,6,6,7,5,7,6,10,9,10,9,14,5,9,7,3,10,10,10,10,10,10,0.117647059
286,1,2,22,2,2,4,7,1,6,3,2,7,3,4,3,8,7,9,9,4,8,6,8,7,8,6,3,8,7,0
287,1,2,22,13,4,1,1,1,7,3,6,2,1,5,7,2,2,9,6,4,10,8,8,10,8,8,8,8,8,0
288,1,2,27,3,2,3,5,195,6,3,2,9,5,3,8,5,5,6,4,4,9,2,6,7,5,7,2,2,5,0.210526316
289,1,2,28,8,4,1,2,196,4,1,7,10,6,1,7,3,6,10,5,3,10,6,5,7,6,8,2,1,7,0.277777778
290,1,2,34,10,2,2,6,1,5,2,2,7,1,8,7,7,4,3,2,1,10,1,3,5,9,10,2,5,5,0.105263158
291,1,2,27,10,4,5,5,1,3,2,4,9,7,7,7,7,7,5,6,5,7,5,6,7,5,8,5,5,6,0.263157895
292,1,2,28,13,1,7,1,32,2,1,7,10,5,8,8,7,5,10,7,9,7,4,7,9,5,10,1,1,6,0.210526316
293,1,2,28,8,3,3,7,1,5,2,7,6,9,7,10,8,7,6,6,8,9,6,9,9,8,8,6,4,6,0.105263158
294,0,2,30,9,4,1,1,1,6,2,2,7,8,4,9,10,10,1,1,7,10,3,10,9,7,8,8,5,6,0.076923077
295,0,2,30,9,2,5,7,112,6,1,2,7,8,8,5,7,5,3,1,2,10,7,10,10,8,8,5,8,6,0
296,0,2,28,9,2,10,10,119,4,2,2,4,5,2,8,8,7,6,5,9,9,9,8,7,8,10,9,7,3,0.230769231
297,0,2,21,9,2,9,8,150,2,1,2,5,2,8,8,10,10,3,3,5,10,8,10,10,8,8,8,6,7,0.285714286
298,0,2,22,6,2,7,1,101,6,2,2,3,1,3,5,10,10,3,1,4,10,5,10,10,10,10,9,7,1,0
299,0,2,24,11,4,1,1,184,6,2,2,7,1,7,8,9,8,9,4,9,9,6,7,9,7,9,5,4,5,0.076923077
300,0,2,35,3,2,1,1,77,6,2,2,8,2,8,9,10,10,7,2,5,8,2,10,8,8,10,4,2,9,0.153846154
301,0,2,34,9,2,3,8,1,4,1,2,5,3,9,10,7,8,5,1,5,9,5,9,10,9,9,5,9,2,0.181818182
302,0,2,21,3,2,8,7,202,3,1,12,10,10,9,7,5,6,6,6,8,5,7,7,7,9,9,6,6,8,0
303,0,2,33,9,2,2,1,8,5,1,2,7,1,9,9,9,7,7,1,1,10,2,9,9,8,9,5,1,6,0.083333333
304,0,2,28,3,2,1,10,113,7,2,12,10,1,8,7,7,8,2,1,4,8,1,8,9,7,7,8,9,6,0.076923077
305,0,2,29,9,4,6,9,1,4,1,2,8,2,7,10,7,7,8,2,7,8,7,8,9,7,7,9,8,4,0.153846154
306,0,2,22,9,4,6,2,1,6,3,2,6,6,9,8,5,5,7,4,5,6,9,9,9,5,5,9,5,7,0.071428571
307,0,2,27,9,4,1,3,215,7,2,2,10,8,10,9,8,9,10,1,5,10,7,10,10,8,10,9,3,3,0.25
308,1,2,27,9,4,7,3,1,7,2,2,7,7,7,8,8,8,8,7,3,7,9,8,9,7,8,7,7,7,0.083333333
309,1,2,32,9,2,5,9,59,3,2,2,6,4,4,9,8,10,8,5,7,9,6,8,9,8,10,4,4,7,0.153846154
310,1,2,25,5,2,7,8,204,3,1,10,2,2,3,7,6,6,3,8,5,9,8,7,9,5,6,5,3,6,0.076923077
311,1,2,29,8,4,1,1,217,6,1,7,10,8,9,10,7,6,8,9,1,7,4,6,8,10,10,9,8,8,0.076923077
312,1,2,23,15,2,3,1,79,4,2,6,7,7,5,7,9,8,10,5,3,8,5,6,9,7,8,2,1,5,0.071428571
313,1,2,27,8,2,2,3,1,4,1,6,9,8,6,8,6,3,6,1,9,6,3,2,7,8,10,5,1,6,0.083333333
314,1,2,32,13,6,3,1,1,6,2,2,9,2,7,8,6,4,2,2,2,6,7,3,7,6,8,8,8,6,0
315,1,2,27,5,2,1,4,1,5,3,2,8,2,2,8,8,8,8,2,8,7,1,8,9,7,7,2,2,5,0.142857143
316,1,2,25,8,2,3,3,72,4,1,7,9,3,5,7,6,6,6,4,6,9,5,4,4,7,9,4,1,5,0.428571429
317,1,2,30,8,2,1,1,1,4,1,7,8,1,5,10,6,10,4,3,8,4,1,10,10,8,9,1,1,7,0.230769231
318,1,2,29,8,6,1,1,1,6,1,7,8,4,8,6,4,5,7,7,7,7,6,7,8,5,8,7,6,6,0
319,1,2,26,9,2,2,4,1,7,2,2,8,7,5,7,5,4,8,7,1,5,7,2,2,10,9,2,3,7,0.230769231
320,1,2,36,7,2,6,8,24,5,5,2,4,1,9,9,8,4,6,3,1,10,1,5,7,2,5,2,1,6,0
321,1,2,29,8,2,3,3,1,5,1,7,7,4,4,8,5,5,4,2,7,5,2,6,8,6,7,2,1,6,0
322,0,1,34,3,4,2,1,1,2,2,2,8,7,7,6,6,6,9,3,6,7,2,8,8,8,8,3,1,9,0.222222222
323,0,1,25,5,4,1,1,1,4,3,2,5,7,7,7,8,7,7,6,6,7,8,9,9,8,8,8,6,8,0.333333333
324,0,1,23,3,2,8,3,1,4,2,3,8,8,6,10,8,8,9,6,9,7,8,10,8,10,10,7,7,5,0.444444444
325,0,1,30,3,3,2,4,1,6,2,3,5,7,9,9,9,9,7,7,7,9,7,9,9,9,9,4,6,6,0.333333333
326,0,1,36,9,1,5,5,1,6,4,2,2,2,3,8,8,8,2,2,6,9,6,10,8,10,10,10,8,8,0.25
327,0,1,29,13,2,2,7,1,6,3,7,1,1,5,10,8,7,7,1,6,10,1,9,8,9,9,1,5,5,0
328,0,1,30,9,2,1,1,1,3,1,2,8,3,10,10,10,10,10,1,5,10,7,10,10,10,10,5,10,6,0.111111111
329,0,1,29,9,2,1,1,1,6,2,2,3,2,7,7,10,10,3,1,4,10,2,10,7,6,8,2,1,4,0
330,0,1,22,5,4,3,3,1,7,3,10,8,7,7,8,5,5,2,2,9,5,7,2,8,4,9,5,2,7,0.142857143
331,0,1,34,9,2,1,1,1,6,3,2,4,7,4,6,7,7,10,2,1,9,3,7,7,9,9,4,10,4,0
332,1,1,30,3,4,1,1,1,7,4,2,7,2,8,5,10,10,7,3,7,9,5,8,10,5,9,7,1,7,0.2
333,1,1,23,8,2,5,3,1,3,1,7,10,5,10,7,3,1,10,5,3,8,2,4,8,2,4,3,6,7,0.2
334,1,1,29,8,4,1,1,1,5,3,4,9,4,9,9,8,8,5,6,8,5,5,6,6,3,5,8,5,5,0
335,1,1,24,3,2,1,8,1,3,3,2,9,1,9,4,7,7,4,1,4,8,6,5,4,3,8,5,7,6,0.111111111
336,1,1,25,17,3,1,5,1,5,2,17,5,4,4,5,8,10,4,1,1,9,4,6,10,10,10,3,4,4,0.1
337,1,1,28,5,2,1,1,1,5,3,5,9,9,8,8,8,7,5,4,6,7,5,7,8,7,6,4,4,5,0.375
338,1,1,27,5,6,1,1,1,4,2,7,4,2,7,6,8,8,8,6,6,8,4,10,10,7,7,5,10,2,0.2
341,0,2,23,13,4,3,10,1,6,1,10,1,2,1,10,9,9,8,1,6,10,10,10,10,10,10,9,10,5,0.176470588
342,0,2,33,9,3,2,1,1,6,3,2,3,4,4,10,9,10,1,1,8,7,10,8,10,1,4,10,4,2,0.058823529
343,0,2,32,10,2,5,6,33,2,1,4,6,3,3,10,10,10,8,2,3,5,4,8,9,9,9,9,7,5,0.125
344,0,2,26,13,3,1,3,47,4,3,9,9,7,5,6,7,6,4,3,9,4,4,9,9,9,9,9,5,5,0.235294118
345,0,2,24,10,2,7,6,30,7,4,4,5,1,10,6,5,5,3,4,8,9,6,7,7,8,9,6,9,6,0.235294118
347,0,2,26,9,1,1,1,13,6,1,13,1,1,2,10,3,3,1,1,8,2,5,3,8,1,7,10,1,5,0
348,0,2,21,9,4,3,3,128,6,1,2,3,5,1,10,10,10,2,1,9,10,7,10,7,7,7,10,5,5,0.055555556
349,0,2,33,3,2,1,7,90,4,2,7,2,3,10,8,7,8,7,1,6,7,4,8,8,8,9,6,7,6,0.411764706
350,0,2,31,10,2,9,5,1,7,3,4,9,2,10,9,8,8,8,7,7,9,9,9,9,9,9,5,7,6,0.117647059
351,0,2,35,9,4,1,3,1,5,4,2,5,2,5,10,10,10,7,2,3,10,3,10,10,10,10,5,5,8,0.294117647
352,0,2,29,9,6,6,6,1,4,3,6,8,5,10,10,10,10,8,4,5,5,8,9,9,10,10,7,7,9,0.176470588
353,0,2,25,9,4,7,7,1,2,1,2,3,4,5,8,9,9,8,8,5,6,4,9,9,8,9,8,5,5,0.0625
354,0,2,22,3,2,9,8,174,6,1,3,10,10,10,10,8,8,1,1,1,8,10,10,10,10,10,10,6,7,0.444444444
355,0,2,24,3,2,10,2,1,4,3,3,9,1,7,8,7,7,7,1,9,9,2,9,9,9,9,9,2,7,0.058823529
356,0,2,27,3,2,2,4,68,7,2,3,10,9,8,10,8,5,7,1,5,8,9,8,9,7,10,5,6,4,0.058823529
357,0,2,27,9,4,10,10,92,4,2,2,2,6,10,10,10,10,8,1,7,10,6,10,8,7,7,8,1,1,0.166666667
358,0,2,26,8,4,1,1,139,5,3,7,6,2,7,10,4,5,2,4,9,9,6,5,8,4,5,7,3,5,0.117647059
359,0,2,26,6,2,1,5,41,6,3,9,2,1,1,7,2,2,6,8,1,10,3,7,8,8,8,1,4,2,0.1875
360,0,2,24,3,6,8,4,1,6,2,3,9,7,6,9,7,8,9,9,1,7,6,7,7,10,10,7,8,7,0.235294118
361,1,2,34,1,2,5,5,83,6,6,1,3,1,3,5,9,10,3,3,4,10,6,8,9,7,7,3,2,5,0.0625
362,1,2,30,1,2,1,1,1,4,3,1,8,2,1,9,6,6,6,4,7,6,4,6,6,6,6,7,2,9,0.294117647
363,1,2,23,5,4,1,1,34,6,2,7,3,3,9,10,4,5,8,6,9,7,5,5,8,7,5,8,5,7,0.105263158
364,1,2,27,8,3,6,2,1,4,2,7,9,7,9,9,4,3,3,5,1,9,5,4,7,5,6,8,1,6,0.315789474
365,1,2,30,8,2,1,1,1,2,1,10,7,3,3,9,9,10,8,4,8,8,1,5,7,9,10,5,5,8,0.055555556
366,1,2,27,8,2,4,6,1,4,1,6,6,6,4,8,9,9,7,6,8,9,4,6,7,10,10,8,6,5,0.526315789
367,1,2,27,13,2,6,3,1,4,1,13,6,7,8,8,5,5,3,4,8,5,6,3,3,7,8,7,2,8,0.222222222
368,1,2,24,13,6,1,1,1,4,2,6,4,6,4,8,9,7,3,8,9,9,9,7,9,8,9,8,4,4,0.3
369,1,2,25,3,2,1,8,64,5,3,3,2,6,2,6,7,7,7,1,1,10,3,7,5,6,8,1,1,7,0.4
370,1,2,28,8,2,7,4,209,4,1,7,7,8,7,7,6,6,3,1,6,7,2,2,2,5,9,4,1,7,0.05
371,1,2,27,8,2,3,1,239,7,1,9,10,7,7,3,3,3,3,3,3,4,5,3,6,10,10,1,7,6,0.2
372,1,2,27,8,2,9,7,151,5,2,10,9,10,8,9,9,9,7,4,2,9,6,8,6,7,7,4,2,5,0.15
373,1,2,29,8,3,3,1,1,5,2,7,7,5,8,8,7,6,3,5,9,8,2,3,4,5,9,8,2,9,0.210526316
374,1,2,30,8,4,6,6,1,4,2,7,10,10,8,7,8,8,5,5,6,5,6,9,10,9,8,4,4,7,0.058823529
375,1,2,27,8,2,3,2,1,3,1,1,9,8,5,8,4,4,2,2,7,5,6,5,6,3,6,7,3,5,0.176470588
376,1,2,25,8,4,10,7,238,5,2,10,4,1,4,10,5,6,7,7,3,3,9,7,9,5,6,9,5,5,0.105263158
377,1,2,26,8,4,3,2,1,5,1,7,7,9,6,6,3,3,1,7,8,6,8,5,8,7,8,6,2,6,0.055555556
378,1,2,29,8,2,3,2,136,5,2,7,9,5,10,5,4,4,2,1,8,7,3,3,8,5,8,5,2,6,0.052631579
379,0,2,38,8,2,4,6,71,7,2,7,4,4,6,7,8,8,7,2,2,6,7,7,9,6,6,3,5,5,0.125
380,0,2,33,14,1,4,8,1,7,4,6,7,8,8,8,5,5,3,1,5,5,7,7,10,9,9,9,9,6,0.105263158
381,0,2,24,14,2,6,3,1,4,1,6,5,5,5,7,8,8,6,5,6,9,6,4,8,7,8,8,7,2,0.105263158
382,0,2,28,14,2,8,1,186,7,3,6,6,5,10,10,9,9,6,8,3,8,10,8,10,9,9,9,1,6,0.222222222
383,0,2,27,9,2,10,5,1,6,2,7,9,7,9,9,8,8,5,1,5,6,9,4,9,8,7,7,4,4,0.222222222
384,0,2,23,9,2,9,6,1,5,3,10,8,5,7,9,10,10,3,3,7,6,7,10,10,5,6,6,3,8,0.333333333
385,0,2,25,9,2,5,8,249,5,3,2,7,5,8,10,10,10,10,6,8,9,6,10,10,8,10,9,8,7,0.352941176
386,0,2,26,3,2,4,2,245,7,2,3,1,3,5,8,7,7,2,5,7,8,8,9,9,8,8,8,3,4,0.117647059
387,0,2,25,3,2,5,2,1,7,2,3,5,5,8,8,6,6,4,3,8,7,7,8,8,7,7,8,2,6,0.421052632
388,0,2,24,3,2,1,6,161,4,2,3,7,4,8,7,3,3,5,3,4,7,6,6,7,6,6,6,4,4,0.058823529
389,0,2,21,1,2,1,1,194,3,1,1,7,8,5,8,7,7,10,2,1,10,7,8,8,10,10,7,8,7,0.421052632
390,0,2,30,9,4,1,10,1,4,3,2,6,1,6,10,6,6,8,1,4,10,6,8,8,8,8,4,6,6,0.157894737
391,0,2,28,6,2,1,5,181,4,1,6,8,1,6,8,6,7,9,1,9,9,1,3,5,5,5,4,2,4,0.055555556
392,0,2,26,6,2,6,1,174,4,3,6,4,3,3,9,10,9,9,1,3,10,6,8,10,5,10,7,7,3,0.111111111
393,0,2,22,6,2,4,8,234,7,1,6,3,2,3,5,9,9,4,3,4,9,6,7,8,7,7,5,4,6,0.294117647
394,0,2,24,6,2,1,6,149,4,2,6,3,1,4,9,8,8,10,1,1,10,6,9,9,8,7,7,2,6,0.055555556
395,0,2,33,6,2,1,2,80,4,2,6,3,4,4,10,8,8,6,1,8,9,3,10,10,7,9,7,8,4,0.105263158
396,0,2,25,15,4,1,5,179,7,2,6,3,8,7,10,10,10,7,7,7,10,9,10,10,10,10,7,7,4,0.111111111
397,1,2,24,1,2,3,2,1,5,2,1,9,8,8,6,7,7,6,2,6,7,5,7,8,4,7,5,1,6,0.2
398,1,2,29,8,2,7,2,1,3,1,7,4,1,2,10,7,7,9,9,8,7,7,7,9,6,5,6,2,8,0.333333333
399,1,2,29,8,2,1,1,170,4,2,7,9,2,9,9,9,9,7,3,5,9,1,6,7,8,10,3,8,7,0.058823529
400,1,2,26,8,2,7,7,1,4,2,7,7,4,7,7,6,6,6,1,8,7,1,7,7,6,7,1,1,3,0.333333333
401,1,2,31,8,2,1,1,1,4,1,7,10,1,4,8,8,8,8,2,5,5,1,8,8,10,10,7,3,9,0.058823529
402,1,2,29,2,4,1,1,1,4,2,7,10,2,6,9,6,6,9,7,4,3,3,5,8,4,4,6,9,6,0.0625
403,1,2,22,5,2,6,6,1,5,3,7,9,8,3,7,4,3,5,3,3,5,6,5,8,3,6,2,1,6,0.058823529
404,1,2,23,5,2,1,4,1,5,2,7,10,5,8,10,8,8,9,7,9,8,4,5,8,7,8,6,3,7,0.5
405,1,2,30,13,1,1,1,204,5,5,9,6,1,6,9,8,9,2,6,8,8,6,10,9,7,9,9,5,6,0
406,1,2,27,8,4,1,1,1,6,2,7,4,6,8,9,6,7,8,6,6,7,7,8,9,7,10,2,1,6,0.277777778
407,1,2,24,14,2,1,1,1,4,2,6,8,4,7,9,9,9,7,4,2,9,5,7,10,9,9,7,7,5,0.111111111
408,1,2,24,13,3,1,1,1,7,1,9,7,7,9,8,9,8,3,5,1,6,2,4,8,6,10,2,1,6,0.3125
409,1,2,23,5,2,5,5,1,6,3,2,10,4,1,4,7,8,10,2,8,7,2,6,8,10,10,5,2,7,0.277777778
410,1,2,27,8,2,8,8,204,5,1,7,10,8,5,8,1,1,8,10,1,8,2,2,4,4,5,1,1,5,0.2
411,1,2,34,8,2,8,2,252,4,1,7,7,6,6,7,7,6,3,3,1,8,1,7,6,7,10,8,3,3,0.058823529
412,1,2,27,8,2,1,1,1,5,2,7,10,10,10,5,8,8,0,7,3,8,6,5,5,8,8,4,4,4,0.235294118
413,1,2,26,8,2,5,3,1,1,2,8,6,7,5,7,5,3,5,5,4,6,8,6,9,6,6,7,0,8,0.0625
414,1,2,29,8,2,2,10,204,1,1,7,10,5,9,5,0,0,5,5,0,8,7,0,0,0,1,2,0,5,0.375
415,1,2,31,8,2,3,1,189,4,2,7,1,1,6,6,7,5,1,1,3,10,1,6,6,3,7,1,1,4,0.0625
416,0,1,25,3,3,3,3,228,4,1,3,4,1,8,8,7,6,6,1,8,7,8,5,7,5,10,4,3,3,0.75
417,0,1,29,3,2,1,1,1,5,3,3,6,1,4,5,8,8,8,3,5,7,2,6,7,7,6,3,8,5,0.125
418,0,1,25,1,4,7,3,192,7,2,1,2,2,5,9,7,8,6,5,6,10,8,8,10,7,9,7,7,5,0
419,0,1,28,11,2,0,1,50,2,1,11,6,2,5,8,5,6,5,2,9,9,8,9,9,6,6,4,7,5,0.125
420,0,1,22,11,2,1,1,67,4,2,11,8,4,5,10,8,8,7,4,3,9,7,8,7,4,5,6,4,5,0.25
421,0,1,25,11,4,5,5,249,4,3,11,1,1,1,8,5,5,1,5,5,5,8,10,10,5,10,10,5,7,0.25
422,1,1,26,8,2,6,7,70,4,2,7,7,2,8,9,9,9,10,2,4,7,5,9,8,6,6,7,9,8,0.666666667
423,1,1,30,8,2,1,1,1,4,1,7,9,2,9,8,7,7,7,6,5,9,5,5,8,7,5,5,4,6,0.333333333
424,1,1,24,5,4,4,4,1,6,3,2,7,7,7,7,5,5,6,7,5,5,7,5,8,5,7,8,5,6,0.333333333
425,1,1,28,8,2,3,7,2,4,2,7,7,8,8,8,7,6,5,2,7,5,5,6,7,5,7,2,2,6,0
426,1,1,24,8,2,4,7,1,2,1,13,7,2,7,8,6,4,3,2,6,5,3,7,6,6,6,4,2,7,0.166666667
427,1,1,28,13,2,1,1,256,7,3,15,10,1,10,8,7,7,9,1,3,8,1,4,5,7,10,1,10,6,0
428,1,1,27,8,4,8,8,84,2,1,7,6,5,5,9,6,7,6,5,6,7,5,6,7,5,7,7,3,8,0.333333333
429,1,1,27,8,2,1,1,93,2,2,7,7,8,8,9,8,8,8,6,7,9,8,8,8,8,8,7,6,7,0.166666667
430,0,2,22,9,4,3,10,233,6,2,2,10,10,10,6,3,2,4,2,4,4,8,9,9,8,8,5,4,5,0
431,0,2,27,9,4,5,8,1,7,3,7,10,9,7,10,10,10,10,5,4,10,7,7,5,8,10,10,3,7,0.142857143
432,0,2,28,11,2,1,1,220,6,3,11,2,2,2,10,10,10,7,1,6,6,4,9,8,8,7,5,5,4,0.461538462
433,0,2,30,15,6,3,3,21,6,3,6,3,3,8,8,8,8,8,1,6,7,5,7,8,5,5,5,3,5,0.153846154
434,0,2,27,11,2,2,2,254,4,2,15,4,2,9,6,3,3,3,2,7,2,6,2,2,4,7,8,4,3,0.076923077
435,0,2,22,1,1,1,1,1,7,2,1,5,5,6,9,8,8,3,2,9,9,1,8,7,9,9,10,10,5,0.153846154
436,0,2,23,1,2,9,1,1,6,1,1,8,5,9,10,8,7,8,5,1,9,10,8,10,6,10,10,4,5,0.153846154
437,0,2,23,11,2,2,6,54,4,1,11,6,7,7,8,9,9,8,5,6,9,7,10,10,10,10,5,6,5,0.25
438,0,2,23,11,2,1,5,162,4,1,11,3,1,8,9,5,5,8,4,7,6,5,7,9,10,9,8,3,4,0.142857143
439,0,2,29,9,2,1,5,135,3,2,2,8,4,8,9,8,9,6,1,7,9,6,4,9,9,9,6,6,7,0.214285714
440,1,2,21,1,2,8,2,1,7,2,1,10,10,10,10,7,7,7,3,1,3,5,5,10,8,10,8,5,7,0
441,1,2,24,1,2,4,2,1,7,1,1,6,1,6,7,7,8,7,14,9,9,8,9,10,10,10,7,2,7,0.222222222
442,1,2,25,1,2,1,1,1,6,1,1,7,1,7,5,1,1,7,1,8,6,1,1,5,3,5,2,1,6,0.333333333
443,1,2,27,13,3,1,3,42,6,2,9,9,5,7,8,5,5,5,3,7,6,1,6,7,8,8,4,5,7,0
444,1,2,26,8,2,5,1,127,4,2,7,8,8,9,2,6,8,6,2,5,2,7,1,10,3,5,5,6,3,0
445,1,2,30,13,2,1,1,260,5,2,9,9,6,8,8,5,3,9,5,9,10,5,4,10,8,9,5,1,5,0.25
446,1,2,28,8,3,2,2,1,4,3,7,9,2,9,8,8,7,6,3,6,6,5,6,6,5,8,3,3,7,0.4
447,1,2,26,13,4,1,1,1,7,2,7,7,5,6,8,3,2,6,2,5,6,3,4,8,4,9,2,4,3,0.111111111
448,1,2,22,1,2,1,1,204,2,1,7,3,2,4,9,8,9,3,5,9,7,3,6,7,6,10,6,5,3,0.5
449,1,2,23,1,6,7,1,188,3,1,1,8,2,6,8,7,5,5,3,1,9,7,6,9,2,6,4,1,5,0.2
450,1,2,25,13,2,3,7,1,6,2,9,7,3,9,9,9,9,9,9,3,5,7,9,10,9,10,5,10,3,0.2
451,1,2,30,8,4,3,1,1,3,3,7,3,3,2,4,4,3,3,4,3,6,7,5,7,7,8,6,6,3,0
452,1,2,29,8,4,7,1,1,5,3,7,9,6,8,7,8,7,8,7,9,8,7,8,9,8,10,5,3,7,0.1
453,1,2,27,1,4,4,3,1,6,5,1,6,3,5,6,6,5,6,5,3,6,6,4,7,6,5,4,1,6,0.1
454,0,1,27,15,2,3,3,210,7,3,2,5,8,5,9,9,9,7,1,4,9,4,9,9,8,8,4,9,5,0
455,0,1,24,10,4,5,5,1,6,2,2,3,5,3,10,10,7,7,1,8,10,4,8,9,8,9,9,7,4,0
456,0,1,29,8,4,3,2,1,6,1,7,1,1,8,8,7,7,6,2,8,8,4,7,7,6,6,8,8,2,0.2
457,0,1,55,6,4,1,1,222,7,3,6,1,2,1,8,9,9,10,1,1,10,4,7,3,10,8,1,1,10,0
458,0,1,29,8,4,9,8,1,4,1,7,9,1,6,10,8,6,9,3,6,9,7,8,8,4,1,10,9,5,0.333333333
459,0,1,26,8,4,6,1,227,5,3,7,1,3,1,9,8,9,1,1,6,4,6,8,8,8,8,8,1,5,0
460,1,1,33,7,2,2,1,56,4,2,2,9,7,10,10,10,10,8,1,7,9,10,6,9,10,10,1,5,8,0.166666667
461,1,1,27,5,6,2,2,1,7,4,4,9,8,9,9,7,7,9,8,6,2,2,7,6,6,6,4,4,7,0
462,1,1,33,5,4,1,5,1,6,6,2,8,7,5,2,6,6,1,2,7,3,8,5,7,6,9,2,2,8,0.166666667
463,1,1,23,10,4,3,2,1,7,1,10,5,4,7,5,4,3,3,5,4,5,4,4,4,4,7,3,1,5,0
464,1,1,33,8,4,1,1,1,3,1,7,10,9,6,7,3,3,5,5,9,3,4,6,7,7,7,2,1,5,0.166666667
465,1,1,23,7,2,1,3,7,7,3,6,4,8,1,3,8,8,4,1,4,9,2,1,3,10,10,1,1,4,0
466,0,2,24,18,2,1,1,137,7,1,10,4,2,9,8,5,6,4,3,2,8,5,5,7,6,8,4,2,5,0
467,0,2,24,8,2,7,4,15,2,1,7,8,4,9,9,9,9,8,5,8,9,8,9,9,9,9,9,9,7,0.428571429
468,0,2,25,13,6,5,2,259,6,3,2,8,3,7,7,7,8,8,2,6,8,7,5,9,9,9,7,6,4,0.2
469,0,2,25,13,4,1,1,1,3,1,9,10,7,7,7,7,7,3,3,4,7,9,7,7,7,8,6,9,4,0.357142857
470,0,2,29,4,4,1,1,12,4,2,4,1,1,1,10,10,10,2,1,3,10,5,10,10,6,6,10,1,4,0.333333333
471,0,2,30,4,4,8,8,1,5,3,4,3,4,6,10,7,7,5,2,9,7,8,6,8,6,6,10,4,5,0.076923077
472,0,2,25,5,3,1,3,1,4,2,5,10,6,7,9,9,8,9,1,7,8,1,10,10,10,10,5,9,4,0.133333333
473,0,2,34,10,4,1,1,1,6,4,2,7,5,5,8,8,8,8,6,6,9,8,8,9,9,9,7,7,7,0.066666667
474,0,2,30,10,1,1,1,18,6,5,2,10,2,10,10,7,7,9,2,9,8,1,4,3,7,10,6,9,9,0.307692308
475,0,2,27,13,3,1,2,255,6,2,9,1,1,6,10,6,5,2,0,5,4,4,9,8,3,5,6,9,5,0.142857143
476,0,2,25,13,2,1,3,115,5,2,9,4,1,7,9,5,5,4,1,7,3,3,3,3,3,7,6,3,5,0.133333333
477,0,2,27,5,3,5,7,1,4,2,5,9,6,7,8,6,8,8,4,7,7,4,7,8,7,7,6,4,7,0
478,0,2,26,13,2,4,4,1,4,1,7,9,7,9,7,7,9,9,3,3,8,4,7,9,8,9,4,6,4,0.133333333
479,0,2,27,13,2,3,3,154,4,3,7,10,7,10,9,8,7,9,1,7,5,4,7,7,7,7,7,7,6,0
480,0,2,26,5,2,4,6,1,4,1,5,7,1,8,9,9,9,3,1,6,10,3,3,4,4,4,5,7,4,0.214285714
481,1,2,23,9,2,8,1,250,3,2,2,3,3,7,9,8,7,1,2,5,8,2,7,10,10,10,6,1,6,0.066666667
482,1,2,30,8,2,2,6,53,6,1,7,9,7,5,9,6,5,8,2,5,9,6,7,7,2,4,4,3,4,0.307692308
483,1,2,28,3,2,1,1,1,3,1,2,10,1,10,10,10,10,5,1,1,10,5,10,10,10,10,10,5,5,0
484,1,2,31,18,4,1,1,81,6,4,15,7,3,5,9,9,9,9,3,7,9,1,9,9,9,9,2,7,6,0.142857143
485,1,2,29,3,1,4,3,1,6,2,2,6,10,9,7,7,7,4,6,6,9,8,8,8,7,8,7,4,6,0.142857143
486,1,2,32,10,3,1,1,1,6,2,4,7,1,3,10,8,6,4,1,9,8,1,7,10,5,8,2,2,8,0.071428571
487,1,2,24,6,4,1,1,1,5,3,2,4,4,2,8,5,3,2,5,2,7,8,5,9,6,10,6,2,5,0
488,1,2,29,8,4,1,1,1,2,3,7,3,3,3,9,5,1,1,1,8,8,8,8,8,8,8,8,3,5,0.153846154
489,1,2,28,8,2,6,5,1,2,1,7,7,7,7,9,9,9,6,9,9,6,6,9,9,9,7,6,5,6,0.5
490,1,2,29,14,2,6,1,1,6,3,6,3,1,2,7,7,7,6,2,5,9,9,8,10,9,8,7,4,3,0.066666667
491,1,2,29,8,3,3,3,1,4,1,7,9,2,9,9,9,8,9,7,9,8,2,7,8,8,9,9,6,5,0.266666667
492,1,2,30,10,6,1,1,19,4,2,2,10,10,10,10,10,10,10,2,4,10,7,5,5,2,5,10,10,7,0.428571429
493,1,2,20,13,4,1,1,1,6,5,13,10,10,7,7,4,4,3,3,6,7,10,8,8,7,7,10,6,10,0.076923077
494,1,2,30,6,2,2,8,105,3,3,6,8,10,4,10,10,10,1,1,4,8,6,9,10,7,8,9,10,6,0.153846154
495,1,2,32,15,6,5,6,85,2,1,6,7,5,6,7,5,6,7,7,6,5,6,7,7,6,5,5,6,6,0.166666667
496,0,1,23,5,4,1,1,26,5,2,2,8,1,8,7,7,7,8,1,1,7,3,3,3,5,5,5,5,5,0.142857143
497,0,1,24,10,2,5,5,1,7,1,2,7,5,1,8,7,6,7,3,1,7,8,6,9,9,8,8,7,6,0
498,0,1,25,10,2,9,9,79,4,1,2,3,1,5,7,3,3,6,6,9,8,9,6,8,8,8,3,1,5,0
499,0,1,26,10,2,1,9,216,4,1,2,1,1,1,9,9,9,2,1,8,9,6,8,10,10,10,5,1,4,0.285714286
500,0,1,25,10,1,7,9,29,5,3,2,4,2,6,7,7,7,2,2,7,8,5,7,8,8,8,6,5,6,0.142857143
501,0,1,26,10,2,7,4,171,4,3,2,5,4,8,8,9,9,6,1,3,9,7,9,9,9,10,7,6,7,0.142857143
502,1,1,26,5,4,1,1,1,3,2,7,8,8,9,6,5,5,10,9,8,7,8,6,9,5,8,3,4,3,0
503,1,1,25,10,2,1,5,82,6,5,2,2,4,4,8,8,8,7,5,2,6,5,7,8,9,9,7,7,5,0
504,1,1,23,5,2,1,1,87,5,2,7,1,1,2,4,4,4,8,1,3,6,1,5,6,7,7,3,1,7,0.333333333
505,1,1,27,6,4,1,1,1,4,1,6,10,6,10,5,10,10,9,7,1,10,10,10,10,10,10,10,10,6,0.166666667
506,1,1,24,2,4,5,5,145,7,2,7,6,4,6,7,7,7,8,2,4,9,2,5,5,5,5,2,1,4,0
507,1,1,24,2,4,1,1,5,7,3,2,10,9,10,9,9,8,7,4,5,8,5,7,6,6,8,3,2,5,0.166666667
508,1,1,36,2,4,1,5,258,5,1,10,10,4,7,6,4,4,4,9,7,10,3,5,4,7,10,4,8,7,0.166666667
509,0,2,28,6,4,2,2,1,4,2,16,6,3,6,7,7,7,3,3,4,6,4,4,8,5,7,7,7,6,0.315789474
510,0,2,26,8,3,3,3,1,7,2,2,8,1,4,10,8,7,10,5,7,9,1,3,9,7,5,1,7,5,0.285714286
511,0,2,23,5,4,2,2,1,7,3,7,6,5,5,7,8,10,10,3,9,8,5,8,9,9,10,7,8,6,0.222222222
512,0,2,26,15,2,1,1,1,3,2,6,1,1,1,8,9,10,8,0,9,9,6,10,9,7,10,5,5,4,0.052631579
513,0,2,23,15,2,1,1,180,6,4,6,1,1,9,9,9,9,1,0,8,9,8,9,10,6,8,6,6,2,0.285714286
514,0,2,23,3,2,8,9,176,4,3,2,5,3,7,7,8,10,2,2,1,8,6,10,8,9,10,6,7,7,0
515,0,2,23,6,2,8,5,14,6,3,16,10,10,8,9,9,8,10,3,8,9,8,9,10,7,10,5,9,6,0.1
516,0,2,27,10,4,9,3,76,6,3,2,3,3,6,10,9,9,5,5,8,9,6,9,4,9,9,9,3,2,0.285714286
517,0,2,30,15,3,1,1,1,5,3,6,2,1,9,9,6,8,4,1,2,9,3,10,8,4,4,3,9,3,0
518,0,2,23,15,2,2,1,86,7,2,6,4,2,5,8,6,7,5,5,9,9,8,8,8,6,8,9,4,2,0.272727273
519,0,2,26,9,2,8,9,1,4,2,13,9,5,9,5,8,7,7,2,3,9,4,7,8,7,8,2,2,6,0
520,0,2,28,11,6,2,1,156,7,1,9,4,6,8,8,10,8,5,2,9,10,8,9,8,5,5,8,2,5,0
521,0,2,26,11,2,3,1,122,3,1,9,7,7,8,8,8,8,10,7,5,8,6,7,8,8,8,6,6,6,0.368421053
522,0,2,22,1,2,3,6,240,6,2,1,6,6,6,7,8,9,3,3,7,9,8,10,10,7,7,5,3,5,0.2
523,0,2,27,9,4,3,2,1,4,3,10,8,1,5,9,4,3,6,7,8,13,5,2,7,8,9,3,1,9,0.1
524,0,2,25,4,4,9,6,241,7,4,4,4,1,7,9,8,8,6,3,8,7,7,8,8,5,5,7,5,6,0.619047619
525,0,2,24,15,2,2,8,95,4,1,3,6,2,8,6,5,5,3,2,1,8,8,9,10,7,8,8,1,6,0
526,0,2,26,11,3,5,2,1,5,3,11,2,1,3,10,10,7,6,5,10,8,4,10,8,6,8,4,10,6,0.095238095
527,0,2,24,11,6,5,5,75,4,3,11,5,5,1,8,7,7,6,2,7,6,6,8,7,8,8,7,6,1,0
528,0,2,29,11,3,8,7,6,6,1,11,5,8,4,2,2,2,8,6,2,2,2,3,7,3,3,2,2,4,0
529,0,2,22,5,4,4,1,1,4,1,5,7,4,6,10,8,8,8,6,5,5,5,8,8,8,8,4,4,5,0.105263158
530,0,2,22,5,4,1,1,1,7,3,10,7,10,5,6,3,8,6,7,6,3,5,8,10,9,10,6,3,8,0.105263158
531,1,2,25,5,4,5,1,1,7,2,2,10,10,6,6,10,10,10,6,6,6,10,10,10,8,10,1,6,7,0.05
532,1,2,26,5,4,8,3,155,2,2,5,7,8,6,8,6,4,4,8,6,9,7,6,8,6,7,5,2,6,0.176470588
533,1,2,26,5,2,1,1,1,6,2,2,7,3,5,7,5,5,7,2,5,3,1,5,7,6,7,2,2,5,0.1
534,1,2,24,5,6,1,1,1,5,6,5,7,9,3,9,9,8,6,7,7,7,3,6,7,8,7,4,1,9,0.3
535,1,2,23,10,2,5,6,167,5,3,2,4,3,4,7,7,6,2,8,8,8,6,6,9,8,9,5,6,6,0.380952381
536,1,2,29,2,2,1,1,1,5,2,7,7,3,5,8,7,7,3,2,7,8,6,4,9,7,9,7,1,8,0.157894737
537,1,2,22,5,4,7,1,225,5,1,1,6,6,7,10,8,8,3,3,6,10,8,10,10,10,10,10,1,7,0.1
538,1,2,32,5,2,1,1,1,4,2,7,8,2,8,8,8,8,8,8,6,8,5,4,6,3,6,6,6,6,0.210526316
539,1,2,22,1,2,6,6,1,4,1,1,8,9,8,9,9,9,4,6,8,8,6,7,9,7,7,7,6,7,0.105263158
540,1,2,24,5,2,5,1,1,7,4,2,6,4,4,5,7,8,8,9,6,7,4,9,9,9,9,6,3,7,0.052631579
541,1,2,23,5,4,2,2,1,7,3,7,10,10,7,8,3,5,4,3,8,3,10,5,10,10,9,9,3,7,0.047619048
542,1,2,23,5,4,7,1,1,5,3,7,4,7,6,10,9,8,1,8,8,9,8,8,9,9,8,9,6,8,0.15
543,1,2,24,5,4,9,6,165,7,2,5,8,8,5,8,8,5,5,9,8,8,8,6,8,8,8,8,3,8,0
544,1,2,23,5,4,3,8,97,7,3,4,3,4,3,10,7,8,5,14,9,2,10,7,8,8,9,10,3,5,0.136363636
545,1,2,24,5,2,7,1,7,7,2,4,10,2,2,5,5,4,7,5,4,7,4,3,4,5,5,2,1,6,0.1
546,1,2,30,8,2,3,4,1,4,1,7,10,5,8,10,4,3,5,1,1,2,4,3,6,3,9,10,6,8,0.315789474
547,1,2,30,8,2,1,1,1,3,1,7,9,6,9,7,8,8,2,2,8,9,4,9,8,9,9,6,5,6,0.15
548,1,2,30,8,2,8,8,1,6,1,7,10,8,4,10,3,2,2,5,1,9,6,4,6,7,10,4,1,7,0.25
549,1,2,28,8,2,2,3,1,7,1,7,8,5,6,9,7,7,4,8,8,7,7,8,8,10,10,8,2,5,0.227272727
550,1,2,30,8,2,5,6,1,4,1,7,5,3,5,9,7,8,3,3,8,8,3,7,7,4,6,6,3,7,0.19047619
551,1,2,27,8,1,2,1,205,6,3,7,6,1,7,6,7,3,2,1,7,10,2,5,6,7,7,7,1,3,0.095238095
552,1,2,25,18,2,1,1,1,2,1,15,8,2,5,10,10,10,7,1,9,8,3,7,9,10,10,7,3,10,0.25