,iid,gender,condtn,age,field_cd,race,imprace,imprelig,income,date,go_out,career_c,sports,tvsports,exercise,dining,museums,art,hiking,gaming,clubbing,reading,tv,theater,movies,concerts,music,shopping,yoga,exphappy
1,1,0,1,21,1,4,2,4,69487,7,1,1,9,2,8,9,1,1,5,1,5,6,9,1,10,10,9,8,1,3
11,2,0,1,24,1,2,2,5,65929,5,1,1,3,2,7,10,8,6,3,5,8,10,1,9,8,7,8,3,1,4
21,3,0,1,25,2,2,8,4,59760,3,1,7,3,8,7,8,5,5,8,4,5,7,8,7,7,7,5,8,7,4
30,4,0,1,23,1,2,1,1,37754,5,1,1,1,1,6,7,6,7,7,5,7,7,7,9,7,8,7,1,8,1
39,5,0,1,21,1,2,8,1,86340,4,1,1,7,4,7,7,6,8,6,6,8,6,8,6,6,3,7,8,3,7
49,6,0,1,23,1,4,1,1,60304,3,1,1,10,8,9,7,8,7,9,2,6,9,2,5,6,6,4,1,1,4
59,7,0,1,22,1,4,2,4,54620,5,1,1,5,3,4,10,10,10,2,3,8,8,8,10,10,10,10,10,10,7
69,8,0,1,25,13,2,1,1,54062,5,1,6,2,2,1,10,9,9,3,2,10,8,10,9,9,6,6,8,6,6
79,9,0,1,26,13,6,1,1,47257,4,1,9,4,3,1,8,6,7,2,2,10,8,8,10,10,9,9,8,3,6
89,10,0,1,26,13,2,4,4,48652,6,1,9,9,9,9,7,6,6,7,1,7,8,5,6,7,7,8,7,7,7
99,11,1,1,27,8,2,7,3,41110,5,4,2,8,7,2,6,7,5,5,5,4,9,2,4,8,7,8,5,1,7
108,12,1,1,22,1,2,1,1,29237,1,1,1,9,7,9,8,7,6,3,3,5,6,6,4,7,7,9,5,5,7
118,13,1,1,22,1,4,3,5,41513,7,1,1,7,8,2,9,5,6,4,7,7,6,8,10,8,9,9,8,1,3
128,14,1,1,23,1,2,1,1,56580,4,1,1,10,6,8,8,3,3,10,8,8,6,7,3,10,6,8,6,1,8
138,15,1,1,24,1,3,3,1,36782,4,1,1,9,7,9,7,4,3,6,7,9,8,6,9,9,6,7,2,1,5
148,16,1,1,25,8,2,9,2,40805,5,1,7,7,2,6,7,7,7,5,5,5,8,3,7,8,7,8,6,1,7
158,17,1,1,30,13,2,1,1,38548,3,2,2,8,2,9,7,7,5,4,2,6,4,2,7,9,7,7,2,2,4
168,18,1,1,27,8,2,8,8,52010,6,1,7,5,5,5,9,4,3,4,4,2,6,9,3,9,3,6,2,1,5
176,19,1,1,28,8,2,1,1,43212,1,1,7,10,10,10,10,5,5,6,7,9,8,1,1,7,7,7,7,10,10
185,20,1,1,24,8,2,1,1,40601,1,1,7,10,10,10,10,9,9,4,10,10,8,3,8,8,6,6,5,10,6
195,21,0,2,21,5,4,8,10,38760,7,4,10,10,8,10,5,5,5,2,1,3,7,10,4,7,4,8,5,2,5
210,22,0,2,27,9,1,1,2,28418,6,2,5,1,2,2,8,8,8,1,2,6,8,8,8,9,7,7,8,8,4
226,23,0,2,21,3,4,9,6,32215,1,1,3,2,2,3,9,7,6,6,7,7,10,9,10,10,10,10,10,3,5
242,24,0,2,27,11,2,2,3,43185,6,4,9,10,1,10,9,6,6,10,6,3,6,1,6,9,8,8,6,7,5
257,25,0,2,25,11,2,10,2,23152,5,2,9,7,4,7,7,6,3,5,6,8,9,9,7,10,6,8,8,4,5
272,26,0,2,23,11,2,2,4,43664,5,2,9,9,4,9,7,7,4,6,5,7,5,3,9,9,6,4,5,1,7
287,27,0,2,22,3,3,1,5,48441,6,2,9,7,6,8,8,7,6,8,7,8,8,5,5,5,5,7,7,8,5
303,29,0,2,22,11,2,4,5,61152,6,1,9,8,9,7,7,7,6,2,2,7,7,7,5,7,6,8,9,5,7
317,30,0,2,23,1,2,2,4,47426,7,2,1,5,6,8,7,4,4,2,1,7,8,5,7,7,7,9,6,4,3
331,31,0,2,24,1,2,4,8,36485,4,3,1,3,3,7,10,7,7,7,2,6,6,8,8,8,6,7,10,6,5
347,32,0,2,27,3,4,1,1,40848,4,2,2,4,1,5,9,5,5,1,2,4,9,6,6,7,5,8,10,9,3
363,33,0,2,30,3,2,4,8,41507,6,1,6,4,6,10,7,8,6,6,8,6,10,10,8,8,6,6,7,9,4
376,34,0,2,21,8,4,2,2,30191,6,2,7,7,6,6,7,4,4,5,4,7,7,6,9,10,7,7,7,7,6
391,35,0,2,25,2,2,9,7,17134,6,3,7,9,7,9,8,8,8,5,6,9,7,9,8,8,7,7,8,3,7
407,36,0,2,26,2,2,7,8,25595,5,2,4,6,1,4,6,7,7,7,1,3,9,1,9,6,6,7,5,1,6
422,37,0,2,27,3,2,5,8,30038,6,2,7,6,4,6,10,9,8,7,6,7,5,6,10,7,8,7,4,9,7
437,38,0,2,23,1,1,8,1,33772,4,3,1,7,2,7,10,2,2,7,4,7,2,8,8,10,10,10,10,2,2
452,39,0,2,24,1,3,6,4,24997,6,4,1,3,2,4,10,10,8,7,1,5,10,9,9,10,9,9,10,1,2
467,40,1,2,25,5,4,9,6,42096,7,7,10,4,9,3,7,7,8,5,7,9,7,5,5,8,8,10,4,2,3
486,41,1,2,30,1,4,1,1,33245,6,5,1,5,5,6,5,5,5,5,10,5,6,6,6,6,5,5,5,1,7
504,42,1,2,23,5,4,1,6,28891,7,4,5,1,1,7,5,3,3,3,1,1,9,8,5,7,2,5,2,1,6
522,43,1,2,24,8,2,1,1,30379,6,3,2,8,9,6,5,7,7,2,5,5,9,6,7,4,6,5,2,1,3
540,44,1,2,24,3,2,3,3,36567,3,1,2,9,1,8,7,8,8,10,6,7,8,1,7,3,8,1,6,8,7
559,45,1,2,28,8,2,6,6,36758,6,3,7,9,7,3,6,8,6,6,7,6,6,7,6,7,6,6,6,3,7
573,46,1,2,26,8,2,2,3,40682,6,2,7,10,7,5,6,7,7,8,3,7,7,4,4,6,5,6,2,7,7
590,47,1,2,30,8,2,2,2,44316,6,1,2,6,7,2,8,7,6,3,7,4,7,4,5,8,8,7,2,1,8
607,48,1,2,22,12,2,9,2,46847,5,2,6,3,1,6,7,7,8,1,5,8,4,6,10,10,6,8,6,2,6
626,49,1,2,25,8,4,1,3,62635,3,2,7,10,7,5,7,6,7,2,8,7,9,5,5,6,5,8,2,7,6
645,50,1,2,27,1,1,4,4,12063,6,2,1,10,10,3,8,5,3,4,3,10,5,6,8,10,7,10,6,2,5
662,51,1,2,23,1,2,5,10,29809,5,3,1,6,6,7,3,4,3,6,5,4,5,7,1,6,1,2,2,1,3
681,52,1,2,21,1,2,10,9,26482,4,1,1,8,5,3,6,3,4,3,3,3,3,7,4,6,3,5,4,2,5
699,53,1,2,28,4,2,2,2,30525,6,2,4,8,4,3,10,9,8,8,4,4,9,5,7,9,9,9,7,3,6
717,54,1,2,28,8,2,1,1,30147,5,1,7,5,2,2,8,7,8,8,1,3,7,1,8,6,9,9,1,3,7
734,55,1,2,23,1,1,1,1,39919,4,2,1,10,8,4,5,5,4,1,6,10,9,7,5,10,7,10,5,1,7
753,56,0,1,23,11,2,10,9,41466,3,1,9,2,1,10,10,5,5,2,1,7,6,8,8,7,6,9,10,4,3
763,57,0,1,22,11,2,10,10,36857,5,2,9,4,4,5,9,9,9,9,1,5,9,9,9,9,9,9,9,9,9
775,60,0,1,29,3,6,3,10,29156,6,2,6,3,1,9,9,5,5,3,1,5,5,2,10,7,6,9,5,5,4
785,61,0,1,28,7,2,1,5,23988,5,2,2,1,1,5,10,10,10,5,1,5,10,6,10,10,8,10,8,7,5
795,62,0,1,26,1,3,1,1,28989,7,2,1,8,5,7,8,6,6,7,7,7,7,3,2,9,7,9,9,2,5
804,63,0,1,24,1,4,1,3,50948,6,1,10,5,3,8,6,9,8,5,1,2,10,1,8,9,4,5,6,2,6
814,64,0,1,27,11,4,6,3,38022,6,5,9,8,8,8,8,8,8,9,5,3,8,7,8,8,9,9,8,5,3
824,65,0,1,23,11,6,6,3,42357,5,3,3,7,5,7,8,8,8,8,8,9,8,8,8,9,8,8,9,6,7
834,66,1,1,29,8,3,1,1,47557,6,4,7,4,2,3,6,4,3,3,6,4,8,6,4,8,4,6,4,2,5
843,67,1,1,22,1,6,1,1,47559,5,2,1,9,9,6,7,6,6,4,4,4,6,6,3,9,9,9,2,1,5
852,68,1,1,27,6,1,1,1,53539,4,3,6,3,2,2,7,8,8,3,3,7,10,7,5,9,7,7,7,1,5
861,69,1,1,28,8,2,2,2,42701,6,1,7,10,7,5,5,3,2,1,3,9,8,2,4,7,6,7,2,1,3
869,70,1,1,26,8,2,5,1,32159,2,1,7,9,4,9,5,7,5,7,5,5,8,3,7,8,5,8,5,6,3
877,71,1,1,21,1,2,6,7,53940,6,2,14,9,10,6,4,3,3,7,6,7,7,8,3,10,6,8,2,1,9
886,72,1,1,22,5,2,8,1,43203,6,1,7,8,3,7,10,6,6,7,2,9,5,6,7,7,6,8,8,4,7
895,73,1,1,22,8,2,7,3,43609,4,2,7,9,9,7,6,5,4,4,6,6,5,5,5,7,7,6,4,1,2
904,74,1,1,25,5,2,3,1,42009,7,2,5,8,3,5,9,10,10,9,6,8,10,2,9,10,8,8,3,5,9
914,75,1,1,24,1,6,3,3,40753,5,3,1,8,2,8,7,7,7,7,5,9,8,8,5,7,6,8,5,5,5
923,76,0,2,34,6,2,5,7,38207,7,2,2,1,7,6,8,8,8,5,1,7,7,4,8,8,8,7,7,7,6
941,77,0,2,22,11,2,2,2,46166,4,2,11,7,1,10,9,9,9,8,3,6,6,6,8,8,10,10,7,9,6
959,78,0,2,23,11,3,1,4,30973,7,3,11,5,1,7,7,9,5,9,1,3,9,3,9,9,9,7,5,10,7
977,79,0,2,26,5,4,8,8,33469,7,1,5,2,3,2,10,10,10,2,1,7,4,4,9,9,8,8,3,3,5
995,80,0,2,27,10,4,3,1,28423,5,4,2,8,3,7,5,5,4,3,1,5,10,9,7,7,7,7,9,2,7
1011,81,0,2,28,6,2,6,9,28317,5,2,6,6,2,7,9,9,7,7,1,7,7,7,9,9,7,7,7,4,5
1028,82,0,2,25,9,6,2,7,26645,3,2,2,5,5,5,8,9,10,9,1,7,8,6,8,8,8,9,6,7,7
1044,83,0,2,35,8,3,1,5,26770,6,1,7,5,1,3,5,7,8,3,1,6,8,3,7,8,7,8,4,7,6
1061,84,0,2,32,10,3,1,1,31291,4,1,4,7,1,9,9,9,9,3,1,9,9,1,9,10,9,9,5,5,7
1077,85,0,2,30,11,2,3,5,25589,6,4,9,2,3,4,9,8,6,8,4,7,8,4,6,7,5,8,5,3,4
1095,86,0,2,22,3,2,1,1,55223,7,1,2,2,2,1,4,7,7,2,1,6,4,7,5,10,10,10,2,2,6
1112,87,0,2,23,11,2,8,10,84417,3,2,9,10,5,10,8,7,7,8,4,9,9,6,7,10,9,10,7,9,4
1128,88,0,2,23,11,2,8,7,109031,4,4,9,8,7,10,7,7,7,8,6,6,10,8,9,10,8,10,9,3,5
1143,89,0,2,27,8,2,3,2,84551,7,3,2,2,2,2,10,8,8,7,8,9,8,1,9,8,8,9,4,2,5
1160,90,0,2,23,10,4,4,1,56232,7,7,10,8,9,6,5,8,9,6,3,1,10,6,7,8,7,6,4,1,5
1178,91,0,2,25,1,6,6,8,40409,3,2,1,4,2,5,7,7,5,7,3,5,7,7,10,8,8,7,6,2,5
1196,92,0,2,29,9,2,1,2,21597,6,1,7,7,2,8,10,9,9,9,2,9,10,4,10,10,8,10,6,9,5
1214,93,0,2,29,5,2,2,2,36668,5,1,2,3,2,6,10,7,6,8,7,8,7,5,8,8,6,5,7,6,6
1231,94,1,2,28,8,4,6,8,61668,6,3,7,7,2,8,8,5,4,4,3,3,9,5,7,9,6,7,4,5,5
1246,95,1,2,26,8,2,7,5,76624,5,2,7,10,10,6,6,4,3,1,6,4,7,9,5,10,8,10,3,3,6
1263,96,1,2,26,5,3,3,6,54558,7,1,2,5,8,7,10,10,8,10,6,8,8,3,8,9,8,7,7,3,7
1278,97,1,2,29,10,2,4,1,35968,5,2,2,6,8,8,3,3,3,6,1,5,8,3,2,7,3,7,3,5,5
1295,98,1,2,39,11,2,1,1,51725,4,2,2,8,8,8,7,3,3,5,1,7,7,3,7,8,6,8,2,7,5
1311,99,1,2,28,1,2,1,1,55419,3,2,1,5,5,5,8,10,10,5,5,9,6,6,10,10,10,10,8,5,8
1329,100,1,2,30,8,6,8,9,54473,3,2,2,5,4,6,7,6,6,2,2,4,6,5,7,7,3,7,6,2,5
1343,101,1,2,22,8,4,3,2,49923,4,3,7,9,9,7,9,9,9,8,8,9,8,7,9,8,7,8,8,4,7
1359,102,1,2,32,10,2,2,6,48467,4,4,2,9,9,9,9,4,4,7,2,5,5,4,4,9,3,5,5,2,6
1376,103,1,2,26,8,2,8,9,55550,4,1,7,8,7,8,8,6,4,8,5,8,8,8,5,8,8,8,6,3,6
1392,104,1,2,27,10,2,6,8,26682,5,3,2,8,3,8,9,8,8,9,5,8,7,3,8,7,6,8,3,7,8
1409,105,1,2,25,1,1,1,1,41547,7,1,1,9,9,6,8,5,5,3,4,7,8,6,6,7,4,7,5,5,5
1427,106,1,2,22,1,3,1,3,23361,7,3,1,2,4,2,9,6,5,4,9,2,9,8,7,9,2,8,5,3,5
1444,107,1,2,21,7,2,1,1,74893,4,1,2,7,2,4,7,6,7,8,1,7,7,1,5,7,9,9,1,10,6
1459,108,1,2,24,5,2,1,1,60593,6,3,5,7,3,4,5,6,7,3,2,5,7,3,7,7,4,6,2,2,5
1475,109,1,2,25,14,4,1,1,54856,4,1,6,2,1,2,10,10,10,1,2,2,10,5,7,10,10,10,5,3,5
1493,110,1,2,28,14,2,4,6,52804,6,1,6,4,3,8,7,7,9,8,2,3,7,5,7,9,7,8,3,6,6
1508,111,1,2,27,8,4,7,1,50512,5,1,7,9,9,7,9,10,9,9,1,5,9,5,8,9,8,5,3,5,9
1523,112,0,1,20,3,6,1,1,49147,3,1,11,8,3,8,5,7,8,8,8,9,9,3,8,8,9,10,4,6,4
1533,113,0,1,21,8,2,3,8,53923,4,1,10,5,3,7,10,9,8,7,2,6,8,7,10,10,9,10,10,7,7
1543,114,0,1,20,8,1,2,4,43937,7,4,10,6,8,3,4,4,3,5,2,6,8,7,6,7,6,9,2,2,6
1552,115,0,1,21,3,2,10,7,27094,5,1,3,2,2,8,7,3,3,1,1,8,10,2,2,6,4,7,8,1,3
1562,116,0,1,21,13,2,4,1,48096,1,1,10,5,4,3,10,10,10,6,4,8,10,10,10,10,10,10,10,8,7
1572,117,0,1,21,8,2,8,10,57213,3,1,7,6,8,6,9,8,6,3,5,8,8,5,6,5,6,5,9,3,6
1582,119,0,1,19,16,3,5,2,48190,3,1,1,8,5,8,9,9,9,5,8,10,9,5,10,9,10,10,7,8,4
1591,120,0,1,20,6,3,1,4,42390,4,3,6,5,4,4,8,7,5,3,1,5,10,6,10,9,6,8,3,5,3
1601,121,0,1,21,3,2,8,1,43636,7,1,2,2,2,6,10,6,10,6,4,7,7,8,10,10,10,10,10,4,2
1611,122,1,1,22,1,6,1,1,57887,3,1,1,7,9,7,9,7,6,5,6,6,6,8,7,8,8,8,5,4,6
1621,123,1,1,18,5,4,3,5,30768,5,1,4,9,9,8,8,3,2,5,5,6,2,7,2,7,7,7,7,5,5
1631,124,1,1,22,8,4,1,1,66699,4,1,1,5,5,8,10,8,8,6,5,8,8,6,9,9,9,8,8,7,6
1641,125,1,1,21,4,2,3,1,45360,3,1,4,3,1,9,10,9,10,1,1,10,9,2,9,9,9,9,10,7,6
1651,126,1,1,22,7,2,7,5,55080,6,3,4,10,8,7,8,8,7,5,2,7,10,5,8,8,9,10,6,7,6
1661,127,1,1,22,5,2,1,1,54744,5,1,6,10,8,8,8,5,3,5,5,6,1,7,1,5,8,7,5,10,1
1669,128,1,1,21,5,2,3,1,42850,3,2,5,8,7,7,6,4,4,8,7,3,5,3,4,8,10,10,2,2,5
1679,129,1,1,26,8,2,1,1,33767,3,3,7,7,4,7,9,4,5,9,2,6,9,4,4,7,6,6,4,6,10
1689,130,1,1,20,5,4,4,1,27304,6,2,10,7,4,9,8,3,2,7,5,7,6,2,1,2,2,9,6,2,6
1698,131,1,1,19,5,4,4,1,17378,7,3,10,5,1,5,5,5,5,3,6,4,8,7,6,8,7,6,5,3,5
1707,132,0,1,27,8,2,10,1,40375,7,2,7,7,2,10,5,7,7,9,1,1,5,9,5,10,3,10,1,10,5
1712,133,0,1,24,5,4,8,6,41089,6,5,2,8,7,6,7,10,8,10,4,3,6,4,8,7,10,9,7,6,5
1717,134,0,1,23,10,2,8,10,48929,5,3,2,7,4,4,8,9,6,7,8,6,8,5,9,5,7,8,8,8,8
1722,135,0,1,26,3,2,9,6,53989,7,2,2,3,1,1,1,9,9,10,1,7,7,1,8,7,10,10,2,9,6
1729,137,1,1,26,8,4,1,1,78193,4,1,8,6,1,8,8,4,4,1,5,7,4,7,1,9,9,10,8,3,7
1734,138,1,1,32,8,2,9,6,63351,3,2,7,7,2,9,8,6,6,1,7,7,9,9,4,9,2,9,6,2,6
1739,139,1,1,37,5,4,6,1,64992,6,3,2,7,5,8,10,9,9,6,5,6,10,8,7,10,8,9,7,8,8
1744,140,1,1,29,8,2,5,5,62774,5,2,7,8,6,8,9,5,5,5,5,7,9,6,7,6,4,5,4,3,6
1749,141,1,1,28,8,3,4,4,60156,6,2,7,10,10,3,9,5,5,7,5,7,3,8,9,10,8,9,6,6,4
1754,142,0,2,24,13,2,1,4,50745,5,2,2,5,6,6,6,5,5,6,14,7,6,6,6,6,6,8,6,6,7
1770,143,0,2,33,1,2,6,2,38328,7,4,1,4,5,6,8,9,9,6,4,8,9,5,7,7,7,7,6,4,6
1784,144,0,2,23,10,2,5,2,29279,5,2,2,10,7,9,6,6,6,4,3,7,7,5,4,7,9,8,7,4,5
1800,145,0,2,24,10,2,9,7,38774,7,1,2,2,1,2,9,9,5,2,2,1,8,10,10,10,5,8,9,2,5
1816,146,0,2,36,6,2,1,7,58802,7,1,2,5,2,5,5,8,8,3,1,3,10,8,8,8,5,8,8,3,5
1832,147,0,2,26,8,4,3,3,41831,5,1,7,8,7,8,9,9,9,5,2,8,10,8,9,8,6,6,7,10,5
1848,148,0,2,27,8,4,7,4,48294,4,1,7,7,4,6,9,9,9,5,2,1,10,10,9,9,5,7,9,7,5
1863,149,0,2,28,13,2,3,3,52186,5,2,2,8,4,5,8,8,8,8,3,6,6,6,5,8,7,10,9,8,4
1878,150,0,2,31,7,2,3,3,55080,5,2,2,5,1,3,5,3,3,9,1,5,7,1,1,7,5,4,2,10,5
1893,151,0,2,28,13,2,1,2,60525,3,1,9,5,1,8,10,9,8,8,4,1,8,1,9,8,9,10,7,7,3
1908,152,0,2,27,13,4,2,3,77468,4,3,2,4,1,4,8,9,8,5,5,7,10,5,9,10,9,9,7,1,5
1924,153,0,2,28,7,4,1,1,84090,6,3,2,8,5,7,7,7,6,6,5,7,10,6,7,9,7,7,8,5,6
1937,154,0,2,27,8,2,8,3,97857,4,1,7,10,7,8,8,6,6,6,1,6,8,7,7,8,6,6,3,2,7
1952,155,0,2,27,8,2,5,1,74624,5,1,9,2,1,10,10,7,8,5,1,1,10,4,10,9,5,7,7,4,3
1966,156,0,2,30,8,1,1,1,21590,6,3,7,3,7,10,10,10,10,8,7,9,10,10,10,10,10,10,7,8,6
1981,157,0,2,28,8,4,5,3,38832,6,1,7,8,7,8,8,6,6,9,2,9,7,4,6,7,5,6,6,3,4
1995,158,1,2,23,10,2,3,4,37248,6,2,2,2,4,4,6,7,4,7,7,6,8,6,5,8,4,9,5,1,7
2010,159,1,2,28,10,2,7,2,33708,6,2,2,7,7,6,9,9,8,6,4,5,8,7,7,9,8,9,7,2,6
2024,160,1,2,29,8,1,3,4,28240,5,2,8,9,8,10,6,6,4,3,4,8,6,3,7,9,6,9,3,2,6
2039,161,1,2,22,10,2,6,2,53771,4,2,10,9,9,9,8,7,6,7,7,9,9,8,6,8,6,9,6,2,7
2053,162,1,2,27,10,4,1,1,50925,6,2,4,3,3,3,8,7,7,6,2,8,5,4,3,9,10,10,7,3,4
2067,163,1,2,26,9,2,1,1,56096,3,3,2,6,2,2,4,8,8,4,1,1,8,1,6,6,4,6,2,1,2
2083,164,1,2,27,7,2,1,1,31560,6,2,2,7,5,5,6,7,7,7,1,3,7,2,5,6,4,6,2,2,5
2099,165,1,2,30,13,2,4,7,52467,6,3,6,3,1,6,6,7,7,2,1,1,10,8,8,8,5,5,2,2,6
2115,166,1,2,26,8,6,1,9,80006,5,2,7,5,5,9,4,4,2,5,1,3,9,1,5,8,7,10,1,7,6
2129,167,1,2,23,10,2,1,1,47572,6,2,2,9,9,8,6,8,8,9,2,5,6,5,6,8,6,7,3,2,3
2144,168,1,2,23,10,4,1,1,22439,4,2,10,5,5,3,5,5,5,5,3,3,5,3,5,5,5,3,3,3,5
2159,169,1,2,28,10,2,2,3,31383,6,2,2,10,7,8,9,9,7,7,1,6,4,2,7,6,8,8,4,4,6
2175,170,1,2,28,10,4,2,1,31208,5,3,4,2,1,8,8,8,8,5,3,1,9,8,7,8,6,8,4,5,6
2190,171,1,2,29,8,2,1,1,35988,4,2,7,8,2,8,8,5,5,5,2,8,9,6,6,9,4,9,7,1,8
2205,172,1,2,27,8,2,5,7,46981,3,1,7,7,8,7,8,4,5,5,6,8,7,4,6,8,8,7,6,3,5
2221,173,1,2,22,2,2,5,7,51931,4,1,2,10,8,9,6,5,6,7,4,8,7,4,5,6,9,10,3,6,3
2237,174,0,1,29,8,4,1,1,58802,5,3,7,5,4,6,6,8,8,4,4,6,8,4,6,5,9,9,6,5,5
2247,175,0,1,23,13,6,5,8,40749,3,1,7,8,2,6,8,7,7,3,3,6,6,5,6,5,6,9,5,3,7
2257,176,0,1,28,8,4,10,1,47538,6,3,7,7,6,5,10,10,9,7,4,4,5,5,8,8,8,8,6,3,7
2267,177,0,1,22,13,2,8,3,47997,5,2,7,5,9,6,8,6,4,2,3,7,9,7,6,7,3,4,5,1,6
2275,178,0,1,35,3,4,5,5,63130,4,2,4,3,4,7,9,8,8,8,2,9,8,8,8,8,8,9,6,8,5
2284,179,0,1,30,6,3,5,1,78704,6,3,2,5,5,10,10,7,7,5,1,7,10,1,8,8,7,9,10,9,2
2292,180,0,1,24,8,4,2,2,53720,4,2,7,7,7,5,9,5,5,8,5,9,6,7,9,9,7,8,9,7,6
2301,181,0,1,22,4,1,7,8,31143,5,5,2,3,6,5,9,9,9,6,3,9,9,9,9,9,9,9,9,6,4
2311,182,0,1,22,4,1,7,5,40838,4,3,4,5,6,2,8,3,2,1,4,1,7,8,2,6,4,10,8,1,6
2321,183,0,1,24,11,2,1,1,34112,7,3,6,9,6,8,9,8,8,9,9,9,7,8,8,9,9,10,8,1,5
2331,184,1,1,34,8,2,1,1,32129,4,2,7,5,2,4,8,8,7,8,3,8,8,3,9,8,5,6,2,8,9
2341,185,1,1,25,2,4,3,4,39820,7,4,6,8,7,8,8,8,9,6,7,8,9,9,9,9,8,9,9,9,6
2350,186,1,1,24,5,4,4,3,44195,7,3,2,5,1,4,9,5,3,6,1,1,6,7,4,7,8,8,6,3,7
2360,187,1,1,26,8,2,10,5,43455,4,1,7,3,5,10,5,10,10,1,2,1,10,5,8,8,10,10,1,1,6
2369,188,1,1,21,5,2,1,1,46837,3,1,2,2,1,5,10,8,8,5,7,5,7,3,5,5,5,7,7,3,6
2379,189,1,1,27,1,6,6,1,58940,6,2,9,8,7,8,5,7,7,7,7,7,9,5,7,9,7,8,4,7,5
2387,190,1,1,25,13,2,1,1,69553,7,3,9,7,7,8,3,2,2,6,5,9,8,2,4,7,9,10,3,1,8
2396,191,1,1,28,8,2,6,1,75242,4,2,7,8,1,7,8,6,6,6,1,8,7,3,4,8,4,7,1,7,4
2406,192,1,1,24,8,2,2,7,97972,6,2,7,7,5,7,7,3,2,6,8,7,9,6,3,6,7,8,4,5,4
2416,193,1,1,25,1,4,2,2,35960,6,2,1,8,10,7,9,9,8,1,1,4,10,10,10,10,9,9,9,5,4
2426,194,0,2,24,3,2,9,9,65708,3,2,3,8,6,6,9,6,6,4,8,7,9,9,6,9,5,7,9,4,7
2445,195,0,2,27,10,2,3,9,49466,2,1,2,7,6,9,8,5,5,9,9,8,10,1,3,4,3,6,5,1,8
2465,196,0,2,25,7,4,1,6,53766,1,1,2,3,3,6,7,7,7,8,6,8,6,8,9,9,9,9,7,9,6
2484,197,0,2,24,13,6,2,1,53229,4,3,7,6,1,4,10,8,8,4,7,5,9,6,5,10,8,10,7,3,3
2504,198,0,2,23,13,4,8,5,43177,2,3,7,6,8,6,9,8,8,9,5,7,4,9,9,9,9,9,10,4,6
2524,199,0,2,30,7,2,2,1,32649,5,3,2,8,3,10,10,10,10,1,1,7,10,4,7,8,3,5,7,1,4
2544,200,0,2,25,8,2,1,1,35867,7,2,9,10,3,9,8,7,7,10,3,6,8,1,8,8,9,10,3,4,5
2563,201,0,2,25,8,2,8,8,38863,4,2,7,8,8,8,8,7,7,7,8,7,7,7,7,7,7,7,7,6,2
2582,202,0,2,22,2,2,8,5,40244,6,2,2,8,8,9,7,6,4,4,1,6,8,7,7,9,6,7,7,1,3
2599,203,0,2,22,2,2,4,10,42640,6,2,2,3,1,8,6,4,2,2,1,6,7,10,6,8,3,7,9,2,3
2618,204,0,2,26,8,2,8,6,52388,5,1,7,10,5,9,9,10,10,3,1,9,8,4,5,5,3,8,10,7,4
2635,205,0,2,23,10,2,5,5,48959,7,1,2,8,2,6,8,6,6,7,2,6,9,3,3,8,5,6,3,5,5
2653,206,0,2,31,8,1,2,2,52495,5,1,9,5,5,5,9,7,7,7,7,9,9,5,7,7,7,9,5,7,6
2672,207,0,2,23,10,2,9,5,53430,3,1,1,10,8,8,7,5,5,2,3,4,3,7,7,6,5,7,9,6,6
2690,208,0,2,25,10,1,2,1,62875,4,3,7,9,7,7,9,10,10,10,5,8,8,5,7,9,10,10,9,8,5
2708,209,0,2,28,13,1,7,3,30855,6,2,7,3,2,6,8,5,5,6,8,8,3,6,7,8,7,10,3,3,7
2726,210,0,2,29,10,2,10,4,46800,6,3,2,9,3,9,8,9,9,9,1,2,9,5,7,7,7,7,5,1,5
2744,211,0,2,28,13,2,9,1,43871,4,1,9,9,8,9,10,9,9,5,8,1,9,9,10,10,9,7,10,7,5
2763,212,0,2,27,8,3,3,6,45695,5,2,7,8,5,8,8,8,8,8,6,9,8,8,8,8,6,7,8,3,5
2781,213,0,2,25,13,3,9,10,47133,4,2,7,8,7,9,8,8,7,6,7,7,8,7,10,10,8,9,8,5,7
2800,214,1,2,23,10,2,6,8,46792,6,2,2,9,3,10,8,6,7,7,4,7,3,1,9,6,4,6,7,1,6
2818,215,1,2,26,8,4,3,1,53501,4,1,7,8,6,9,9,6,4,2,7,6,9,5,2,9,2,7,9,2,7
2836,216,1,2,27,8,2,7,1,55080,5,3,7,2,1,2,7,7,5,3,5,1,13,6,6,7,6,5,2,1,6
2855,217,1,2,26,10,2,8,1,64716,4,2,2,1,2,8,7,8,8,10,1,2,10,4,8,6,10,10,1,7,3
2874,218,1,2,24,10,2,9,5,61231,4,2,2,9,3,5,7,9,10,7,3,7,5,1,5,7,8,8,6,1,3
2894,219,1,2,26,8,2,1,1,55639,3,2,7,8,2,7,7,7,8,3,3,6,7,2,6,7,7,10,3,10,7
2911,220,1,2,25,13,6,1,1,47939,5,2,6,9,9,5,10,9,10,10,6,8,10,2,5,5,5,9,5,5,10
2931,221,1,2,27,8,4,6,1,33277,6,3,7,5,6,3,7,6,3,4,3,7,8,7,8,8,4,4,4,1,6
2949,222,1,2,27,2,2,8,3,28870,6,3,2,5,1,6,8,10,9,6,4,7,9,1,9,9,10,8,3,1,3
2968,223,1,2,28,7,2,6,6,27248,4,2,2,8,7,6,6,8,7,6,7,8,9,6,5,10,6,7,5,2,7
2988,224,1,2,32,3,2,1,3,29981,7,4,15,6,4,4,7,5,5,5,6,8,10,1,8,9,2,4,1,8,5
3008,225,1,2,28,8,3,4,9,30441,7,2,7,10,8,3,8,8,8,7,3,9,8,8,9,7,9,9,2,6,4
3024,226,1,2,23,8,2,1,3,22805,3,1,6,10,7,8,6,7,7,3,2,8,4,5,6,7,4,9,2,4,3
3043,227,1,2,26,8,2,7,7,56118,6,3,7,7,7,7,10,9,7,2,6,5,10,8,8,9,5,7,5,1,5
3062,228,1,2,24,10,4,1,4,39468,7,3,2,3,1,2,8,4,5,8,4,6,9,2,4,7,8,9,2,8,7
3081,229,1,2,28,10,2,7,1,30146,6,3,7,8,5,7,7,1,1,5,3,3,8,5,1,5,2,6,1,1,3
3100,230,1,2,42,13,2,5,1,39123,7,3,7,1,1,2,1,10,10,10,1,1,10,10,10,10,5,10,10,6,5
3119,231,1,2,30,13,3,1,1,46153,6,3,9,5,2,7,9,9,6,8,1,9,9,1,8,9,9,10,1,7,5
3137,232,1,2,31,13,2,4,7,45300,5,4,9,5,5,9,8,7,8,9,3,8,7,4,6,8,7,7,3,5,4
3156,233,1,2,29,13,4,1,1,42397,3,2,7,10,9,8,10,8,8,7,9,8,5,10,8,10,10,10,8,6,7
3175,234,0,1,22,3,6,1,5,44346,7,3,2,5,3,10,10,9,5,2,1,4,9,5,6,5,5,9,7,4,5
3184,235,0,1,23,9,2,3,1,42261,4,3,2,1,3,3,10,9,10,2,1,7,7,1,9,9,6,10,10,7,5
3193,236,0,1,24,10,4,3,3,42225,7,1,2,9,6,3,7,9,9,7,1,8,7,5,4,7,4,10,4,2,7
3201,237,0,1,34,7,2,10,1,37405,7,4,6,1,1,10,7,8,9,9,1,1,10,6,8,6,2,9,2,10,4
3210,238,0,1,27,15,2,3,5,28524,2,1,6,8,5,8,8,10,10,8,2,8,7,5,9,9,10,10,7,6,5
3219,239,0,1,34,10,2,6,6,26384,6,3,7,3,3,5,8,8,7,8,1,6,9,6,8,8,6,7,1,8,7
3228,240,0,1,26,8,4,1,1,61141,6,3,6,10,10,9,10,10,8,9,14,9,10,10,10,10,10,10,10,3,2
3236,241,0,1,29,8,4,1,1,8607,4,2,7,8,1,5,7,7,7,4,1,3,4,1,3,4,6,7,6,3,2
3245,242,0,1,26,3,3,3,3,29284,7,3,2,6,5,5,8,10,10,9,4,9,10,1,9,10,10,10,1,8,6
3254,243,1,1,27,16,2,2,3,31365,6,2,2,7,2,7,9,5,8,5,7,3,9,5,5,9,8,8,6,2,6
3262,244,1,1,28,8,2,8,9,33996,5,3,7,5,2,10,8,6,4,9,1,3,13,9,8,9,3,4,3,1,5
3271,245,1,1,32,7,2,1,6,38405,5,2,1,3,1,2,6,7,8,4,8,6,9,2,7,8,6,6,1,6,2
3280,246,1,1,25,10,2,7,1,41476,7,6,2,6,5,5,7,5,5,3,2,6,8,8,9,9,8,9,5,2,3
3288,247,1,1,25,10,4,1,1,44260,6,4,2,5,4,7,1,3,2,9,4,2,5,3,3,3,3,3,2,6,6
3296,248,1,1,27,8,6,1,1,49841,4,1,7,7,1,8,7,5,1,8,6,8,6,3,7,7,4,7,6,1,6
3304,249,1,1,33,8,6,2,7,46477,3,1,7,7,9,1,10,8,6,1,1,6,10,7,3,8,8,5,4,1,5
3313,250,1,1,25,6,6,1,1,46148,2,1,2,7,2,8,10,10,10,6,1,2,10,1,9,9,10,10,6,5,7
3322,251,1,1,33,7,6,2,2,45145,4,1,10,7,6,1,6,8,8,5,8,4,9,7,6,9,6,8,2,3,5
3331,252,0,2,28,13,3,1,1,43318,6,2,2,4,3,3,8,7,6,7,4,9,9,2,9,9,9,9,9,2,10
3349,253,0,2,33,3,4,1,1,38643,6,6,2,5,3,5,8,10,10,6,1,6,10,7,7,10,7,7,7,3,7
3367,254,0,2,22,7,2,8,3,37240,6,2,2,8,2,6,10,9,9,8,1,7,9,8,9,9,7,7,7,8,6
3388,255,0,2,26,10,4,3,1,36594,7,3,4,6,8,9,6,6,6,4,2,5,6,4,7,7,8,8,9,1,6
3407,256,0,2,24,4,4,6,5,62997,6,4,4,5,3,6,7,6,5,6,5,5,5,8,6,8,8,8,9,3,6
3427,257,0,2,24,9,2,5,6,46608,5,1,2,7,1,6,9,10,10,10,3,4,10,2,5,10,10,10,4,10,3
3444,258,0,2,25,9,6,1,10,37881,6,1,2,9,6,7,7,8,3,10,4,1,10,3,8,5,2,6,6,2,6
3462,259,0,2,25,10,2,2,2,48944,7,1,2,8,3,7,8,7,7,4,2,7,8,6,7,7,5,7,5,6,5
3481,260,0,2,27,10,4,4,4,59436,7,3,2,9,6,7,9,5,5,6,2,3,9,6,7,7,9,9,5,3,6
3499,261,0,2,26,10,4,1,4,77112,7,2,2,6,4,3,9,9,8,3,5,8,9,2,9,9,9,9,4,6,3
3519,262,0,2,29,3,2,1,10,43468,6,3,10,9,9,8,7,7,3,7,1,3,10,4,1,7,5,8,1,1,1
3538,263,0,2,26,3,1,9,10,18283,6,2,10,1,1,1,5,7,7,7,1,3,9,4,7,7,7,8,9,6,1
3557,264,0,2,26,6,2,1,3,31432,6,2,2,7,1,7,5,7,8,6,1,5,9,7,4,8,2,6,2,1,3
3574,265,0,2,32,1,2,3,3,73073,5,2,2,2,9,8,8,7,8,2,1,2,10,6,7,10,8,9,2,1,3
3590,266,0,2,28,16,2,2,2,51557,7,3,10,5,4,5,4,7,8,8,1,6,5,1,4,10,6,7,2,6,4
3610,267,0,2,26,10,4,2,2,38279,3,3,4,4,8,5,9,7,6,4,7,8,3,9,5,9,4,9,10,2,4
3629,268,0,2,24,4,3,1,1,26706,6,1,4,8,6,6,5,4,3,6,5,5,8,4,5,5,4,4,4,4,5
3647,269,0,2,24,7,2,4,5,31821,6,2,2,4,1,8,8,8,10,7,3,1,10,3,6,6,6,9,4,2,6
3665,270,0,2,23,10,4,2,4,39653,5,1,2,8,4,6,9,8,7,8,4,6,9,2,7,5,6,7,6,4,5
3683,271,0,2,23,11,2,10,9,50060,4,1,11,8,7,10,9,10,10,5,5,6,7,7,9,9,9,8,9,5,8
3704,272,0,2,25,11,2,10,10,25401,4,1,11,6,7,10,10,9,8,7,6,8,9,9,9,9,9,10,9,8,8
3724,273,1,2,29,10,2,8,4,40489,5,2,2,6,1,5,7,7,4,8,1,3,2,5,7,8,8,8,3,2,5
3739,274,1,2,24,3,3,3,3,51891,4,2,2,3,3,4,7,6,5,4,5,1,10,7,6,8,9,10,8,7,6
3758,275,1,2,21,5,2,1,1,70260,4,3,7,9,1,10,6,7,7,4,6,5,10,1,9,7,7,9,5,9,6
3777,276,1,2,26,10,2,7,3,80608,4,1,2,6,2,8,9,8,9,2,3,6,9,1,4,7,6,7,2,2,4
3797,277,1,2,25,10,2,1,1,68557,7,5,2,10,6,10,5,8,8,10,5,3,8,2,7,8,6,6,1,2,5
3818,278,1,2,32,5,2,1,1,52210,3,1,2,8,1,5,9,9,9,9,5,8,9,5,7,9,9,9,5,1,8
3834,279,1,2,25,10,2,7,1,43844,4,2,2,7,1,6,5,2,3,5,3,4,9,6,3,8,1,2,1,1,7
3855,280,1,2,25,10,2,2,1,47279,6,2,2,8,1,5,5,6,5,5,4,2,10,2,7,10,7,8,2,2,5
3875,281,1,2,27,3,2,2,5,50383,5,5,2,4,4,2,4,7,5,8,1,2,6,2,6,8,7,5,3,9,2
3895,282,1,2,23,5,1,1,1,52284,4,3,7,10,10,10,5,4,4,4,7,8,9,5,7,7,7,10,5,1,5
3915,283,1,2,27,5,4,1,1,49257,4,2,7,9,6,6,6,4,4,8,6,6,8,1,5,3,3,7,2,7,5
3936,284,1,2,27,8,2,1,5,51101,5,2,6,9,2,5,7,7,9,8,1,5,9,5,5,9,8,9,8,5,7
3955,285,1,2,24,5,6,1,1,52149,6,6,7,5,7,6,10,9,10,9,14,5,9,7,3,10,10,10,10,10,10
3972,286,1,2,22,2,2,4,7,51267,6,3,2,7,3,4,3,8,7,9,9,4,8,6,8,7,8,6,3,8,7
3989,287,1,2,22,13,4,1,1,51782,7,3,6,2,1,5,7,2,2,9,6,4,10,8,8,10,8,8,8,8,8
4006,288,1,2,27,3,2,3,5,53196,6,3,2,9,5,3,8,5,5,6,4,4,9,2,6,7,5,7,2,2,5
4025,289,1,2,28,8,4,1,2,53229,4,1,7,10,6,1,7,3,6,10,5,3,10,6,5,7,6,8,2,1,7
4043,290,1,2,34,10,2,2,6,47714,5,2,2,7,1,8,7,7,4,3,2,1,10,1,3,5,9,10,2,5,5
4062,291,1,2,27,10,4,5,5,34736,3,2,4,9,7,7,7,7,7,5,6,5,7,5,6,7,5,8,5,5,6
4081,292,1,2,28,13,1,7,1,25786,2,1,7,10,5,8,8,7,5,10,7,9,7,4,7,9,5,10,1,1,6
4100,293,1,2,28,8,3,3,7,31760,5,2,7,6,9,7,10,8,7,6,6,8,9,6,9,9,8,8,6,4,6
4119,294,0,2,30,9,4,1,1,37988,6,2,2,7,8,4,9,10,10,1,1,7,10,3,10,9,7,8,8,5,6
4132,295,0,2,30,9,2,5,7,39394,6,1,2,7,8,8,5,7,5,3,1,2,10,7,10,10,8,8,5,8,6
4145,296,0,2,28,9,2,10,10,40695,4,2,2,4,5,2,8,8,7,6,5,9,9,9,8,7,8,10,9,7,3
4158,297,0,2,21,9,2,9,8,45788,2,1,2,5,2,8,8,10,10,3,3,5,10,8,10,10,8,8,8,6,7
4172,298,0,2,22,6,2,7,1,37315,6,2,2,3,1,3,5,10,10,3,1,4,10,5,10,10,10,10,9,7,1
4184,299,0,2,24,11,4,1,1,51663,6,2,2,7,1,7,8,9,8,9,4,9,9,6,7,9,7,9,5,4,5
4197,300,0,2,35,3,2,1,1,32563,6,2,2,8,2,8,9,10,10,7,2,5,8,2,10,8,8,10,4,2,9
4210,301,0,2,34,9,2,3,8,34904,4,1,2,5,3,9,10,7,8,5,1,5,9,5,9,10,9,9,5,9,2
4221,302,0,2,21,3,2,8,7,54303,3,1,12,10,10,9,7,5,6,6,6,8,5,7,7,7,9,9,6,6,8
4234,303,0,2,33,9,2,2,1,16908,5,1,2,7,1,9,9,9,7,7,1,1,10,2,9,9,8,9,5,1,6
4246,304,0,2,28,3,2,1,10,39729,7,2,12,10,1,8,7,7,8,2,1,4,8,1,8,9,7,7,8,9,6
4259,305,0,2,29,9,4,6,9,38228,4,1,2,8,2,7,10,7,7,8,2,7,8,7,8,9,7,7,9,8,4
4272,306,0,2,22,9,4,6,2,49665,6,3,2,6,6,9,8,5,5,7,4,5,6,9,9,9,5,5,9,5,7
4286,307,0,2,27,9,4,1,3,57316,7,2,2,10,8,10,9,8,9,10,1,5,10,7,10,10,8,10,9,3,3
4298,308,1,2,27,9,4,7,3,45653,7,2,2,7,7,7,8,8,8,8,7,3,7,9,8,9,7,8,7,7,7
4310,309,1,2,32,9,2,5,9,30587,3,2,2,6,4,4,9,8,10,8,5,7,9,6,8,9,8,10,4,4,7
4323,310,1,2,25,5,2,7,8,55080,3,1,10,2,2,3,7,6,6,3,8,5,9,8,7,9,5,6,5,3,6
4336,311,1,2,29,8,4,1,1,57513,6,1,7,10,8,9,10,7,6,8,9,1,7,4,6,8,10,10,9,8,8
4349,312,1,2,23,15,2,3,1,33772,4,2,6,7,7,5,7,9,8,10,5,3,8,5,6,9,7,8,2,1,5
4363,313,1,2,27,8,2,2,3,39361,4,1,6,9,8,6,8,6,3,6,1,9,6,3,2,7,8,10,5,1,6
4375,314,1,2,32,13,6,3,1,38148,6,2,2,9,2,7,8,6,4,2,2,2,6,7,3,7,6,8,8,8,6
4387,315,1,2,27,5,2,1,4,34405,5,3,2,8,2,2,8,8,8,8,2,8,7,1,8,9,7,7,2,2,5
4401,316,1,2,25,8,2,3,3,31857,4,1,7,9,3,5,7,6,6,6,4,6,9,5,4,4,7,9,4,1,5
4415,317,1,2,30,8,2,1,1,30609,4,1,7,8,1,5,10,6,10,4,3,8,4,1,10,10,8,9,1,1,7
4428,318,1,2,29,8,6,1,1,28372,6,1,7,8,4,8,6,4,5,7,7,7,7,6,7,8,5,8,7,6,6
4441,319,1,2,26,9,2,2,4,25816,7,2,2,8,7,5,7,5,4,8,7,1,5,7,2,2,10,9,2,3,7
4454,320,1,2,36,7,2,6,8,23207,5,5,2,4,1,9,9,8,4,6,3,1,10,1,5,7,2,5,2,1,6
4467,321,1,2,29,8,2,3,3,24246,5,1,7,7,4,4,8,5,5,4,2,7,5,2,6,8,6,7,2,1,6
4479,322,0,1,34,3,4,2,1,24719,2,2,2,8,7,7,6,6,6,9,3,6,7,2,8,8,8,8,3,1,9
4488,323,0,1,25,5,4,1,1,25301,4,3,2,5,7,7,7,8,7,7,6,6,7,8,9,9,8,8,8,6,8
4497,324,0,1,23,3,2,8,3,25716,4,2,3,8,8,6,10,8,8,9,6,9,7,8,10,8,10,10,7,7,5
4506,325,0,1,30,3,3,2,4,25828,6,2,3,5,7,9,9,9,9,7,7,7,9,7,9,9,9,9,4,6,6
4515,326,0,1,36,9,1,5,5,25304,6,4,2,2,2,3,8,8,8,2,2,6,9,6,10,8,10,10,10,8,8
4523,327,0,1,29,13,2,2,7,25446,6,3,7,1,1,5,10,8,7,7,1,6,10,1,9,8,9,9,1,5,5
4531,328,0,1,30,9,2,1,1,25610,3,1,2,8,3,10,10,10,10,10,1,5,10,7,10,10,10,10,5,10,6
4540,329,0,1,29,9,2,1,1,25693,6,2,2,3,2,7,7,10,10,3,1,4,10,2,10,7,6,8,2,1,4
4548,330,0,1,22,5,4,3,3,25290,7,3,10,8,7,7,8,5,5,2,2,9,5,7,2,8,4,9,5,2,7
4555,331,0,1,34,9,2,1,1,25501,6,3,2,4,7,4,6,7,7,10,2,1,9,3,7,7,9,9,4,10,4
4563,332,1,1,30,3,4,1,1,25751,7,4,2,7,2,8,5,10,10,7,3,7,9,5,8,10,5,9,7,1,7
4573,333,1,1,23,8,2,5,3,26032,3,1,7,10,5,10,7,3,1,10,5,3,8,2,4,8,2,4,3,6,7
4583,334,1,1,29,8,4,1,1,26667,5,3,4,9,4,9,9,8,8,5,6,8,5,5,6,6,3,5,8,5,5
4593,335,1,1,24,3,2,1,8,26654,3,3,2,9,1,9,4,7,7,4,1,4,8,6,5,4,3,8,5,7,6
4602,336,1,1,25,17,3,1,5,26668,5,2,17,5,4,4,5,8,10,4,1,1,9,4,6,10,10,10,3,4,4
4612,337,1,1,28,5,2,1,1,26650,5,3,5,9,9,8,8,8,7,5,4,6,7,5,7,8,7,6,4,4,5
4620,338,1,1,27,5,6,1,1,26625,4,2,7,4,2,7,6,8,8,8,6,6,8,4,10,10,7,7,5,10,2
4634,341,0,2,23,13,4,3,10,26583,6,1,10,1,2,1,10,9,9,8,1,6,10,10,10,10,10,10,9,10,5
4651,342,0,2,33,9,3,2,1,26512,6,3,2,3,4,4,10,9,10,1,1,8,7,10,8,10,1,4,10,4,2
4668,343,0,2,32,10,2,5,6,25831,2,1,4,6,3,3,10,10,10,8,2,3,5,4,8,9,9,9,9,7,5
4684,344,0,2,26,13,3,1,3,28759,4,3,9,9,7,5,6,7,6,4,3,9,4,4,9,9,9,9,9,5,5
4701,345,0,2,24,10,2,7,6,25401,7,4,4,5,1,10,6,5,5,3,4,8,9,6,7,7,8,9,6,9,6
4720,347,0,2,26,9,1,1,1,19264,6,1,13,1,1,2,10,3,3,1,1,8,2,5,3,8,1,7,10,1,5
4738,348,0,2,21,9,4,3,3,41778,6,1,2,3,5,1,10,10,10,2,1,9,10,7,10,7,7,7,10,5,5
4756,349,0,2,33,3,2,1,7,35963,4,2,7,2,3,10,8,7,8,7,1,6,7,4,8,8,8,9,6,7,6
4773,350,0,2,31,10,2,9,5,35512,7,3,4,9,2,10,9,8,8,8,7,7,9,9,9,9,9,9,5,7,6
4790,351,0,2,35,9,4,1,3,40463,5,4,2,5,2,5,10,10,10,7,2,3,10,3,10,10,10,10,5,5,8
4807,352,0,2,29,9,6,6,6,42866,4,3,6,8,5,10,10,10,10,8,4,5,5,8,9,9,10,10,7,7,9
4824,353,0,2,25,9,4,7,7,45334,2,1,2,3,4,5,8,9,9,8,8,5,6,4,9,9,8,9,8,5,5
4840,354,0,2,22,3,2,9,8,49409,6,1,3,10,10,10,10,8,8,1,1,1,8,10,10,10,10,10,10,6,7
4858,355,0,2,24,3,2,10,2,39171,4,3,3,9,1,7,8,7,7,7,1,9,9,2,9,9,9,9,9,2,7
4875,356,0,2,27,3,2,2,4,31516,7,2,3,10,9,8,10,8,5,7,1,5,8,9,8,9,7,10,5,6,4
4892,357,0,2,27,9,4,10,10,36223,4,2,2,2,6,10,10,10,10,8,1,7,10,6,10,8,7,7,8,1,1
4910,358,0,2,26,8,4,1,1,43367,5,3,7,6,2,7,10,4,5,2,4,9,9,6,5,8,4,5,7,3,5
4927,359,0,2,26,6,2,1,5,27503,6,3,9,2,1,1,7,2,2,6,8,1,10,3,7,8,8,8,1,4,2
4943,360,0,2,24,3,6,8,4,33475,6,2,3,9,7,6,9,7,8,9,9,1,7,6,7,7,10,10,7,8,7
4960,361,1,2,34,1,2,5,5,35187,6,6,1,3,1,3,5,9,10,3,3,4,10,6,8,9,7,7,3,2,5
4976,362,1,2,30,1,2,1,1,30701,4,3,1,8,2,1,9,6,6,6,4,7,6,4,6,6,6,6,7,2,9
4993,363,1,2,23,5,4,1,1,26298,6,2,7,3,3,9,10,4,5,8,6,9,7,5,5,8,7,5,8,5,7
5012,364,1,2,27,8,3,6,2,27696,4,2,7,9,7,9,9,4,3,3,5,1,9,5,4,7,5,6,8,1,6
5031,365,1,2,30,8,2,1,1,28904,2,1,10,7,3,3,9,9,10,8,4,8,8,1,5,7,9,10,5,5,8
5049,366,1,2,27,8,2,4,6,34559,4,1,6,6,6,4,8,9,9,7,6,8,9,4,6,7,10,10,8,6,5
5068,367,1,2,27,13,2,6,3,37540,4,1,13,6,7,8,8,5,5,3,4,8,5,6,3,3,7,8,7,2,8
5086,368,1,2,24,13,6,1,1,42535,4,2,6,4,6,4,8,9,7,3,8,9,9,9,7,9,8,9,8,4,4
5106,369,1,2,25,3,2,1,8,31148,5,3,3,2,6,2,6,7,7,7,1,1,10,3,7,5,6,8,1,1,7
5126,370,1,2,28,8,2,7,4,55704,4,1,7,7,8,7,7,6,6,3,1,6,7,2,2,2,5,9,4,1,7
5146,371,1,2,27,8,2,3,1,69487,7,1,9,10,7,7,3,3,3,3,3,3,4,5,3,6,10,10,1,7,6
5166,372,1,2,27,8,2,9,7,46138,5,2,10,9,10,8,9,9,9,7,4,2,9,6,8,6,7,7,4,2,5
5186,373,1,2,29,8,3,3,1,54357,5,2,7,7,5,8,8,7,6,3,5,9,8,2,3,4,5,9,8,2,9
5205,374,1,2,30,8,4,6,6,59208,4,2,7,10,10,8,7,8,8,5,5,6,5,6,9,10,9,8,4,4,7
5222,375,1,2,27,8,2,3,2,60442,3,1,1,9,8,5,8,4,4,2,2,7,5,6,5,6,3,6,7,3,5
5239,376,1,2,25,8,4,10,7,66827,5,2,10,4,1,4,10,5,6,7,7,3,3,9,7,9,5,6,9,5,5
5258,377,1,2,26,8,4,3,2,49886,5,1,7,7,9,6,6,3,3,1,7,8,6,8,5,8,7,8,6,2,6
5276,378,1,2,29,8,2,3,2,42897,5,2,7,9,5,10,5,4,4,2,1,8,7,3,3,8,5,8,5,2,6
5295,379,0,2,38,8,2,4,6,31809,7,2,7,4,4,6,7,8,8,7,2,2,6,7,7,9,6,6,3,5,5
5311,380,0,2,33,14,1,4,8,37502,7,4,6,7,8,8,8,5,5,3,1,5,5,7,7,10,9,9,9,9,6
5330,381,0,2,24,14,2,6,3,46351,4,1,6,5,5,5,7,8,8,6,5,6,9,6,4,8,7,8,8,7,2
5349,382,0,2,28,14,2,8,1,52010,7,3,6,6,5,10,10,9,9,6,8,3,8,10,8,10,9,9,9,1,6
5367,383,0,2,27,9,2,10,5,60275,6,2,7,9,7,9,9,8,8,5,1,5,6,9,4,9,8,7,7,4,4
5385,384,0,2,23,9,2,9,6,72444,5,3,10,8,5,7,9,10,10,3,3,7,6,7,10,10,5,6,6,3,8
5403,385,0,2,25,9,2,5,8,78704,5,3,2,7,5,8,10,10,10,10,6,8,9,6,10,10,8,10,9,8,7
5420,386,0,2,26,3,2,4,2,75347,7,2,3,1,3,5,8,7,7,2,5,7,8,8,9,9,8,8,8,3,4
5437,387,0,2,25,3,2,5,2,65236,7,2,3,5,5,8,8,6,6,4,3,8,7,7,8,8,7,7,8,2,6
5456,388,0,2,24,3,2,1,6,47005,4,2,3,7,4,8,7,3,3,5,3,4,7,6,6,7,6,6,6,4,4
5473,389,0,2,21,1,2,1,1,52805,3,1,1,7,8,5,8,7,7,10,2,1,10,7,8,8,10,10,7,8,7
5492,390,0,2,30,9,4,1,10,50852,4,3,2,6,1,6,10,6,6,8,1,4,10,6,8,8,8,8,4,6,6
5511,391,0,2,28,6,2,1,5,50725,4,1,6,8,1,6,8,6,7,9,1,9,9,1,3,5,5,5,4,2,4
5529,392,0,2,26,6,2,6,1,49409,4,3,6,4,3,3,9,10,9,9,1,3,10,6,8,10,5,10,7,7,3
5547,393,0,2,22,6,2,4,8,65693,7,1,6,3,2,3,5,9,9,4,3,4,9,6,7,8,7,7,5,4,6
5564,394,0,2,24,6,2,1,6,45736,4,2,6,3,1,4,9,8,8,10,1,1,10,6,9,9,8,7,7,2,6
5582,395,0,2,33,6,2,1,2,33906,4,2,6,3,4,4,10,8,8,6,1,8,9,3,10,10,7,9,7,8,4
5601,396,0,2,25,15,4,1,5,50501,7,2,6,3,8,7,10,10,10,7,7,7,10,9,10,10,10,10,7,7,4
5619,397,1,2,24,1,2,3,2,46216,5,2,1,9,8,8,6,7,7,6,2,6,7,5,7,8,4,7,5,1,6
5634,398,1,2,29,8,2,7,2,47344,3,1,7,4,1,2,10,7,7,9,9,8,7,7,7,9,6,5,6,2,8
5652,399,1,2,29,8,2,1,1,48785,4,2,7,9,2,9,9,9,9,7,3,5,9,1,6,7,8,10,3,8,7
5669,400,1,2,26,8,2,7,7,49285,4,2,7,7,4,7,7,6,6,6,1,8,7,1,7,7,6,7,1,1,3
5687,401,1,2,31,8,2,1,1,50189,4,1,7,10,1,4,8,8,8,8,2,5,5,1,8,8,10,10,7,3,9
5704,402,1,2,29,2,4,1,1,51736,4,2,7,10,2,6,9,6,6,9,7,4,3,3,5,8,4,4,6,9,6
5720,403,1,2,22,5,2,6,6,53615,5,3,7,9,8,3,7,4,3,5,3,3,5,6,5,8,3,6,2,1,6
5737,404,1,2,23,5,2,1,4,54635,5,2,7,10,5,8,10,8,8,9,7,9,8,4,5,8,7,8,6,3,7
5755,405,1,2,30,13,1,1,1,55080,5,5,9,6,1,6,9,8,9,2,6,8,8,6,10,9,7,9,9,5,6
5769,406,1,2,27,8,4,1,1,56271,6,2,7,4,6,8,9,6,7,8,6,6,7,7,8,9,7,10,2,1,6
5787,407,1,2,24,14,2,1,1,58909,4,2,6,8,4,7,9,9,9,7,4,2,9,5,7,10,9,9,7,7,5
5805,408,1,2,24,13,3,1,1,61809,7,1,9,7,7,9,8,9,8,3,5,1,6,2,4,8,6,10,2,1,6
5821,409,1,2,23,5,2,5,5,62805,6,3,2,10,4,1,4,7,8,10,2,8,7,2,6,8,10,10,5,2,7
5839,410,1,2,27,8,2,8,8,55080,5,1,7,10,8,5,8,1,1,8,10,1,8,2,2,4,4,5,1,1,5
5854,411,1,2,34,8,2,8,2,80006,4,1,7,7,6,6,7,7,6,3,3,1,8,1,7,6,7,10,8,3,3
5871,412,1,2,27,8,2,1,1,69713,5,2,7,10,10,10,5,8,8,0,7,3,8,6,5,5,8,8,4,4,4
5888,413,1,2,26,8,2,5,3,60240,1,2,8,6,7,5,7,5,3,5,5,4,6,8,6,9,6,6,7,0,8
5904,414,1,2,29,8,2,2,10,55080,1,1,7,10,5,9,5,0,0,5,5,0,8,7,0,0,0,1,2,0,5
5920,415,1,2,31,8,2,3,1,52318,4,2,7,1,1,6,6,7,5,1,1,3,10,1,6,6,3,7,1,1,4
5936,416,0,1,25,3,3,3,3,62844,4,1,3,4,1,8,8,7,6,6,1,8,7,8,5,7,5,10,4,3,3
5944,417,0,1,29,3,2,1,1,52401,5,3,3,6,1,4,5,8,8,8,3,5,7,2,6,7,7,6,3,8,5
5952,418,0,1,25,1,4,7,3,52586,7,2,1,2,2,5,9,7,8,6,5,6,10,8,8,10,7,9,7,7,5
5960,419,0,1,28,11,2,0,1,29236,2,1,11,6,2,5,8,5,6,5,2,9,9,8,9,9,6,6,4,7,5
5968,420,0,1,22,11,2,1,1,31486,4,2,11,8,4,5,10,8,8,7,4,3,9,7,8,7,4,5,6,4,5
5976,421,0,1,25,11,4,5,5,78704,4,3,11,1,1,1,8,5,5,1,5,5,5,8,10,10,5,10,10,5,7
5984,422,1,1,26,8,2,6,7,31632,4,2,7,7,2,8,9,9,9,10,2,4,7,5,9,8,6,6,7,9,8
5990,423,1,1,30,8,2,1,1,65482,4,1,7,9,2,9,8,7,7,7,6,5,9,5,5,8,7,5,5,4,6
5996,424,1,1,24,5,4,4,4,73214,6,3,2,7,7,7,7,5,5,6,7,5,5,7,5,8,5,7,8,5,6
6002,425,1,1,28,8,2,3,7,106663,4,2,7,7,8,8,8,7,6,5,2,7,5,5,6,7,5,7,2,2,6
6007,426,1,1,24,8,2,4,7,82710,2,1,13,7,2,7,8,6,4,3,2,6,5,3,7,6,6,6,4,2,7
6013,427,1,1,28,13,2,1,1,84043,7,3,15,10,1,10,8,7,7,9,1,3,8,1,4,5,7,10,1,10,6
6019,428,1,1,27,8,4,8,8,35224,2,1,7,6,5,5,9,6,7,6,5,6,7,5,6,7,5,7,7,3,8
6025,429,1,1,27,8,2,1,1,36381,2,2,7,7,8,8,9,8,8,8,6,7,9,8,8,8,8,8,7,6,7
6031,430,0,2,22,9,4,3,10,65498,6,2,2,10,10,10,6,3,2,4,2,4,4,8,9,9,8,8,5,4,5
6044,431,0,2,27,9,4,5,8,54122,7,3,7,10,9,7,10,10,10,10,5,4,10,7,7,5,8,10,10,3,7
6058,432,0,2,28,11,2,1,1,60000,6,3,11,2,2,2,10,10,10,7,1,6,6,4,9,8,8,7,5,5,4
6071,433,0,2,30,15,6,3,3,22669,6,3,6,3,3,8,8,8,8,8,1,6,7,5,7,8,5,5,5,3,5
6084,434,0,2,27,11,2,2,2,81266,4,2,15,4,2,9,6,3,3,3,2,7,2,6,2,2,4,7,8,4,3
6097,435,0,2,22,1,1,1,1,49055,7,2,1,5,5,6,9,8,8,3,2,9,9,1,8,7,9,9,10,10,5
6110,436,0,2,23,1,2,9,1,45274,6,1,1,8,5,9,10,8,7,8,5,1,9,10,8,10,6,10,10,4,5
6123,437,0,2,23,11,2,2,6,29746,4,1,11,6,7,7,8,9,9,8,5,6,9,7,10,10,10,10,5,6,5
6135,438,0,2,23,11,2,1,5,47556,4,1,11,3,1,8,9,5,5,8,4,7,6,5,7,9,10,9,8,3,4
6149,439,0,2,29,9,2,1,5,42651,3,2,2,8,4,8,9,8,9,6,1,7,9,6,4,9,9,9,6,6,7
6163,440,1,2,21,1,2,8,2,40273,7,2,1,10,10,10,10,7,7,7,3,1,3,5,5,10,8,10,8,5,7
6173,441,1,2,24,1,2,4,2,36484,7,1,1,6,1,6,7,7,8,7,14,9,9,8,9,10,10,10,7,2,7
6182,442,1,2,25,1,2,1,1,43734,6,1,1,7,1,7,5,1,1,7,1,8,6,1,1,5,3,5,2,1,6
6191,443,1,2,27,13,3,1,3,27794,6,2,9,9,5,7,8,5,5,5,3,7,6,1,6,7,8,8,4,5,7
6200,444,1,2,26,8,2,5,1,41737,4,2,7,8,8,9,2,6,8,6,2,5,2,7,1,10,3,5,5,6,3
6210,445,1,2,30,13,2,1,1,90225,5,2,9,9,6,8,8,5,3,9,5,9,10,5,4,10,8,9,5,1,5
6218,446,1,2,28,8,3,2,2,71359,4,3,7,9,2,9,8,8,7,6,3,6,6,5,6,6,5,8,3,3,7
6228,447,1,2,26,13,4,1,1,67395,7,2,7,7,5,6,8,3,2,6,2,5,6,3,4,8,4,9,2,4,3
6237,448,1,2,22,1,2,1,1,55080,2,1,7,3,2,4,9,8,9,3,5,9,7,3,6,7,6,10,6,5,3
6247,449,1,2,23,1,6,7,1,52280,3,1,1,8,2,6,8,7,5,5,3,1,9,7,6,9,2,6,4,1,5
6257,450,1,2,25,13,2,3,7,53957,6,2,9,7,3,9,9,9,9,9,9,3,5,7,9,10,9,10,5,10,3
6267,451,1,2,30,8,4,3,1,54092,3,3,7,3,3,2,4,4,3,3,4,3,6,7,5,7,7,8,6,6,3
6276,452,1,2,29,8,4,7,1,54755,5,3,7,9,6,8,7,8,7,8,7,9,8,7,8,9,8,10,5,3,7
6286,453,1,2,27,1,4,4,3,56173,6,5,1,6,3,5,6,6,5,6,5,3,6,6,4,7,6,5,4,1,6
6296,454,0,1,27,15,2,3,3,56056,7,3,2,5,8,5,9,9,9,7,1,4,9,4,9,9,8,8,4,9,5
6302,455,0,1,24,10,4,5,5,54519,6,2,2,3,5,3,10,10,7,7,1,8,10,4,8,9,8,9,9,7,4
6308,456,0,1,29,8,4,3,2,53147,6,1,7,1,1,8,8,7,7,6,2,8,8,4,7,7,6,6,8,8,2
6313,457,0,1,55,6,4,1,1,60835,7,3,6,1,2,1,8,9,9,10,1,1,10,4,7,3,10,8,1,1,10
6319,458,0,1,29,8,4,9,8,50368,4,1,7,9,1,6,10,8,6,9,3,6,9,7,8,8,4,1,10,9,5
6325,459,0,1,26,8,4,6,1,62829,5,3,7,1,3,1,9,8,9,1,1,6,4,6,8,8,8,8,8,1,5
6330,460,1,1,33,7,2,2,1,30038,4,2,2,9,7,10,10,10,10,8,1,7,9,10,6,9,10,10,1,5,8
6336,461,1,1,27,5,6,2,2,38678,7,4,4,9,8,9,9,7,7,9,8,6,2,2,7,6,6,6,4,4,7
6341,462,1,1,33,5,4,1,5,36153,6,6,2,8,7,5,2,6,6,1,2,7,3,8,5,7,6,9,2,2,8
6347,463,1,1,23,10,4,3,2,35887,7,1,10,5,4,7,5,4,3,3,5,4,5,4,4,4,4,7,3,1,5
6353,464,1,1,33,8,4,1,1,28696,3,1,7,10,9,6,7,3,3,5,5,9,3,4,6,7,7,7,2,1,5
6359,465,1,1,23,7,2,1,3,16767,7,3,6,4,8,1,3,8,8,4,1,4,9,2,1,3,10,10,1,1,4
6365,466,0,2,24,18,2,1,1,42967,7,1,10,4,2,9,8,5,6,4,3,2,8,5,5,7,6,8,4,2,5
6379,467,0,2,24,8,2,7,4,21488,2,1,7,8,4,9,9,9,9,8,5,8,9,8,9,9,9,9,9,9,7
6393,468,0,2,25,13,6,5,2,89977,6,3,2,8,3,7,7,7,8,8,2,6,8,7,5,9,9,9,7,6,4
6408,469,0,2,25,13,4,1,1,55093,3,1,9,10,7,7,7,7,7,3,3,4,7,9,7,7,7,8,6,9,4
6422,470,0,2,29,4,4,1,1,18619,4,2,4,1,1,1,10,10,10,2,1,3,10,5,10,10,6,6,10,1,4
6437,471,0,2,30,4,4,8,8,29988,5,3,4,3,4,6,10,7,7,5,2,9,7,8,6,8,6,6,10,4,5
6450,472,0,2,25,5,3,1,3,33192,4,2,5,10,6,7,9,9,8,9,1,7,8,1,10,10,10,10,5,9,4
6465,473,0,2,34,10,4,1,1,36405,6,4,2,7,5,5,8,8,8,8,6,6,9,8,8,9,9,9,7,7,7
6480,474,0,2,30,10,1,1,1,22161,6,5,2,10,2,10,10,7,7,9,2,9,8,1,4,3,7,10,6,9,9
6493,475,0,2,27,13,3,1,2,82734,6,2,9,1,1,6,10,6,5,2,0,5,4,4,9,8,3,5,6,9,5
6507,476,0,2,25,13,2,1,3,40163,5,2,9,4,1,7,9,5,5,4,1,7,3,3,3,3,3,7,6,3,5
6522,477,0,2,27,5,3,5,7,50948,4,2,5,9,6,7,8,6,8,8,4,7,7,4,7,8,7,7,6,4,7
6534,478,0,2,26,13,2,4,4,48728,4,1,7,9,7,9,7,7,9,9,3,3,8,4,7,9,8,9,4,6,4
6549,479,0,2,27,13,2,3,3,46185,4,3,7,10,7,10,9,8,7,9,1,7,5,4,7,7,7,7,7,7,6
6564,480,0,2,26,5,2,4,6,56370,4,1,5,7,1,8,9,9,9,3,1,6,10,3,3,4,4,4,5,7,4
6578,481,1,2,23,9,2,8,1,78844,3,2,2,3,3,7,9,8,7,1,2,5,8,2,7,10,10,10,6,1,6
6593,482,1,2,30,8,2,2,6,29575,6,1,7,9,7,5,9,6,5,8,2,5,9,6,7,7,2,4,4,3,4
6606,483,1,2,28,3,2,1,1,42694,3,1,2,10,1,10,10,10,10,5,1,1,10,5,10,10,10,10,10,5,5
6619,484,1,2,31,18,4,1,1,34752,6,4,15,7,3,5,9,9,9,9,3,7,9,1,9,9,9,9,2,7,6
6633,485,1,2,29,3,1,4,3,39828,6,2,2,6,10,9,7,7,7,4,6,6,9,8,8,8,7,8,7,4,6
6647,486,1,2,32,10,3,1,1,39676,6,2,4,7,1,3,10,8,6,4,1,9,8,1,7,10,5,8,2,2,8
6661,487,1,2,24,6,4,1,1,30603,5,3,2,4,4,2,8,5,3,2,5,2,7,8,5,9,6,10,6,2,5
6675,488,1,2,29,8,4,1,1,28807,2,3,7,3,3,3,9,5,1,1,1,8,8,8,8,8,8,8,8,3,5
6688,489,1,2,28,8,2,6,5,28822,2,1,7,7,7,7,9,9,9,6,9,9,6,6,9,9,9,7,6,5,6
6702,490,1,2,29,14,2,6,1,27971,6,3,6,3,1,2,7,7,7,6,2,5,9,9,8,10,9,8,7,4,3
6717,491,1,2,29,8,3,3,3,26438,4,1,7,9,2,9,9,9,8,9,7,9,8,2,7,8,8,9,9,6,5
6732,492,1,2,30,10,6,1,1,22173,4,2,2,10,10,10,10,10,10,10,2,4,10,7,5,5,2,5,10,10,7
6746,493,1,2,20,13,4,1,1,31671,6,5,13,10,10,7,7,4,4,3,3,6,7,10,8,8,7,7,10,6,10
6759,494,1,2,30,6,2,2,8,37994,3,3,6,8,10,4,10,10,10,1,1,4,8,6,9,10,7,8,9,10,6
6772,495,1,2,32,15,6,5,6,35409,2,1,6,7,5,6,7,5,6,7,7,6,5,6,7,7,6,5,5,6,6
6784,496,0,1,23,5,4,1,1,23707,5,2,2,8,1,8,7,7,7,8,1,1,7,3,3,3,5,5,5,5,5
6791,497,0,1,24,10,2,5,5,35859,7,1,2,7,5,1,8,7,6,7,3,1,7,8,6,9,9,8,8,7,6
6798,498,0,1,25,10,2,9,9,33772,4,1,2,3,1,5,7,3,3,6,6,9,8,9,6,8,8,8,3,1,5
6805,499,0,1,26,10,2,1,9,57501,4,1,2,1,1,1,9,9,9,2,1,8,9,6,8,10,10,10,5,1,4
6812,500,0,1,25,10,1,7,9,25314,5,3,2,4,2,6,7,7,7,2,2,7,8,5,7,8,8,8,6,5,6
6819,501,0,1,26,10,2,7,4,48876,4,3,2,5,4,8,8,9,9,6,1,3,9,7,9,9,9,10,7,6,7
6826,502,1,1,26,5,4,1,1,39834,3,2,7,8,8,9,6,5,5,10,9,8,7,8,6,9,5,8,3,4,3
6831,503,1,1,25,10,2,1,5,34870,6,5,2,2,4,4,8,8,8,7,5,2,6,5,7,8,9,9,7,7,5
6837,504,1,1,23,5,2,1,1,35848,5,2,7,1,1,2,4,4,4,8,1,3,6,1,5,6,7,7,3,1,7
6843,505,1,1,27,6,4,1,1,30233,4,1,6,10,6,10,5,10,10,9,7,1,10,10,10,10,10,10,10,10,6
6849,506,1,1,24,2,4,5,5,45017,7,2,7,6,4,6,7,7,7,8,2,4,9,2,5,5,5,5,2,1,4
6855,507,1,1,24,2,4,1,1,12416,7,3,2,10,9,10,9,9,8,7,4,5,8,5,7,6,6,8,3,2,5
6861,508,1,1,36,2,4,1,5,87789,5,1,10,10,4,7,6,4,4,4,9,7,10,3,5,4,7,10,4,8,7
6867,509,0,2,28,6,4,2,2,56746,4,2,16,6,3,6,7,7,7,3,3,4,6,4,4,8,5,7,7,7,6
6886,510,0,2,26,8,3,3,3,51119,7,2,2,8,1,4,10,8,7,10,5,7,9,1,3,9,7,5,1,7,5
6907,511,0,2,23,5,4,2,2,51796,7,3,7,6,5,5,7,8,10,10,3,9,8,5,8,9,9,10,7,8,6
6925,512,0,2,26,15,2,1,1,47634,3,2,6,1,1,1,8,9,10,8,0,9,9,6,10,9,7,10,5,5,3
6944,513,0,2,23,15,2,1,1,50572,6,4,6,1,1,9,9,9,9,1,0,8,9,8,9,10,6,8,6,6,2
6965,514,0,2,23,3,2,8,9,49642,4,3,2,5,3,7,7,8,10,2,2,1,8,6,10,8,9,10,6,7,7
6985,515,0,2,23,6,2,8,5,20000,6,3,16,10,10,8,9,9,8,10,3,8,9,8,9,10,7,10,5,9,6
7005,516,0,2,27,10,4,9,3,32508,6,3,2,3,3,6,10,9,9,5,5,8,9,6,9,4,9,9,9,3,2
7026,517,0,2,30,15,3,1,1,32586,5,3,6,2,1,9,9,6,8,4,1,2,9,3,10,8,4,4,3,9,3
7043,518,0,2,23,15,2,2,1,35627,7,2,6,4,2,5,8,6,7,5,5,9,9,8,8,8,6,8,9,4,2
7065,519,0,2,26,9,2,8,9,41502,4,2,13,9,5,9,5,8,7,7,2,3,9,4,7,8,7,8,2,2,6
7085,520,0,2,28,11,6,2,1,46280,7,1,9,4,6,8,8,10,8,5,2,9,10,8,9,8,5,5,8,2,5
7105,521,0,2,26,11,2,3,1,41191,3,1,9,7,7,8,8,8,8,10,7,5,8,6,7,8,8,8,6,6,6
7124,522,0,2,22,1,2,3,6,71787,6,2,1,6,6,6,7,8,9,3,3,7,9,8,10,10,7,7,5,3,5
7144,523,0,2,27,9,4,3,2,66427,4,3,10,8,1,5,9,4,3,6,7,8,13,5,2,7,8,9,3,1,9
7164,524,0,2,25,4,4,9,6,72412,7,4,4,4,1,7,9,8,8,6,3,8,7,7,8,8,5,5,7,5,6
7185,525,0,2,24,15,2,2,8,36510,4,1,3,6,2,8,6,5,5,3,2,1,8,8,9,10,7,8,8,1,6
7206,526,0,2,26,11,3,5,2,39823,5,3,11,2,1,3,10,10,7,6,5,10,8,4,10,8,6,8,4,10,6
7227,527,0,2,24,11,6,5,5,32386,4,3,11,5,5,1,8,7,7,6,2,7,6,6,8,7,8,8,7,6,1
7247,528,0,2,29,11,3,8,7,15863,6,1,11,5,8,4,2,2,2,8,6,2,2,2,3,7,3,3,2,2,4
7267,529,0,2,22,5,4,4,1,24718,4,1,5,7,4,6,10,8,8,8,6,5,5,5,8,8,8,8,4,4,5
7286,530,0,2,22,5,4,1,1,31954,7,3,10,7,10,5,6,3,8,6,7,6,3,5,8,10,9,10,6,3,8
7305,531,1,2,25,5,4,5,1,42552,7,2,2,10,10,6,6,10,10,10,6,6,6,10,10,10,8,10,1,6,7
7325,532,1,2,26,5,4,8,3,46272,2,2,5,7,8,6,8,6,4,4,8,6,9,7,6,8,6,7,5,2,6
7342,533,1,2,26,5,2,1,1,47550,6,2,2,7,3,5,7,5,5,7,2,5,3,1,5,7,6,7,2,2,5
7362,534,1,2,24,5,6,1,1,49058,5,6,5,7,9,3,9,9,8,6,7,7,7,3,6,7,8,7,4,1,9
7382,535,1,2,23,10,2,5,6,48137,5,3,2,4,3,4,7,7,6,2,8,8,8,6,6,9,8,9,5,6,6
7403,536,1,2,29,2,2,1,1,55064,5,2,7,7,3,5,8,7,7,3,2,7,8,6,4,9,7,9,7,1,8
7422,537,1,2,22,5,4,7,1,61686,5,1,1,6,6,7,10,8,8,3,3,6,10,8,10,10,10,10,10,1,7
7442,538,1,2,32,5,2,1,1,58572,4,2,7,8,2,8,8,8,8,8,8,6,8,5,4,6,3,6,6,6,6
7461,539,1,2,22,1,2,6,6,56951,4,1,1,8,9,8,9,9,9,4,6,8,8,6,7,9,7,7,7,6,7
7480,540,1,2,24,5,2,5,1,50937,7,4,2,6,4,4,5,7,8,8,9,6,7,4,9,9,9,9,6,3,7
7499,541,1,2,23,5,4,2,2,47170,7,3,7,10,10,7,8,3,5,4,3,8,3,10,5,10,10,9,9,3,7
7520,542,1,2,23,5,4,7,1,42819,5,3,7,4,7,6,10,9,8,1,8,8,9,8,8,9,9,8,9,6,8
7540,543,1,2,24,5,4,9,6,47624,7,2,5,8,8,5,8,8,5,5,9,8,8,8,6,8,8,8,8,3,8
7560,544,1,2,23,5,4,3,8,36673,7,3,4,3,4,3,10,7,8,5,14,9,2,10,7,8,8,9,10,3,5
7582,545,1,2,24,5,2,7,1,16767,7,2,4,10,2,2,5,5,4,7,5,4,7,4,3,4,5,5,2,1,6
7602,546,1,2,30,8,2,3,4,24600,4,1,7,10,5,8,10,4,3,5,1,1,2,4,3,6,3,9,10,6,8
7621,547,1,2,30,8,2,1,1,26889,3,1,7,9,6,9,7,8,8,2,2,8,9,4,9,8,9,9,6,5,6
7641,548,1,2,30,8,2,8,8,35110,6,1,7,10,8,4,10,3,2,2,5,1,9,6,4,6,7,10,4,1,7
7661,549,1,2,28,8,2,2,3,44829,7,1,7,8,5,6,9,7,7,4,8,8,7,7,8,8,10,10,8,2,5
7683,550,1,2,30,8,2,5,6,52546,4,1,7,5,3,5,9,7,8,3,3,8,8,3,7,7,4,6,6,3,7
7704,551,1,2,27,8,1,2,1,55138,6,3,7,6,1,7,6,7,3,2,1,7,10,2,5,6,7,7,7,1,3
7725,552,1,2,25,18,2,1,1,53210,2,1,15,8,2,5,10,10,10,7,1,9,8,3,7,9,10,10,7,3,10